电影/电视剧/番组,个人评分,打分日期,我的短评,上映日期,制片国家,条目链接
"局外人 / L'Étranger","2","2026/04/11","黑白影调或许有其特色，但对于局外人来说，却难以展现出原著中灼人的阳光；观影时我一直在灰色的天和海里试图幻想出一点蓝色，因为总觉得那才是我阅读时的印象，而（应该过曝的）鲜明的颜色也本应和Meursault内心形成一种反衬。整体来说是相当平庸的改编，太过平铺直叙，偶尔摘录原句点缀一下，空洞而平淡的无意义感胜过压抑的焦虑感，完全无法达到原著的深度与情感张力。","2025/09/02","威尼斯电影节","https://movie.douban.com/subject/37284351/"
"我自己的爱达荷 / My Own Private Idaho","5","2026/04/04","","","","https://movie.douban.com/subject/1292792/"
"总统的蛋糕 / مملكة القصب","4","2026/02/18","荒诞、讽刺与温情交织，多打一分给自由表达的勇气。","2025/05/16","戛纳电影节","https://movie.douban.com/subject/36486147/"
"普通事故 / یک تصادف ساده","5","2026/02/18","补标，开年第一部，和z一起看于ICA。帕纳西以公路片的形式展开一部荒诞而讽刺、尴尬却尖锐、残酷但依旧黑色幽默的一次复仇大戏。调度和叙事都工稳漂亮，主题则是贯穿始终的道德拷问：被暴力机器碾压而过的个人出走后怎样。崩坏的社会里，愤怒的善良的人连复仇都注定无力。车灯一打，才觉出每个人都命如草芥，或如车轮下那个小生灵。","2025/05/20","戛纳电影节","https://movie.douban.com/subject/37247238/"
"神烦警探 第八季 / Brooklyn Nine-Nine Season 8","5","2026/02/06","so long, 99","2021/08/12","美国","https://movie.douban.com/subject/34889374/"
"神烦警探 第六季 / Brooklyn Nine-Nine Season 6","5","2026/02/03","","2019/01/10","美国","https://movie.douban.com/subject/30222864/"
"电影史话 / The Story of Film: An Odyssey","5","2026/02/03","","2011/09/03","英国","https://movie.douban.com/subject/6793337/"
"神烦警探 第七季 / Brooklyn Nine-Nine Season 7","5","2026/02/02","","2020/02/06","美国","https://movie.douban.com/subject/30475705/"
"神烦警探 第五季 / Brooklyn Nine-Nine Season 5","5","2026/01/31","","2017/09/26","美国","https://movie.douban.com/subject/27042749/"
"神烦警探 第四季 / Brooklyn Nine-Nine Season 4","","2026/01/28","","2016/09/20","美国","https://movie.douban.com/subject/26757856/"
"逃走 / 逃走、貫徹！","","2026/01/23","隐匿、逃离、抗争，理念纯粹但自我无限挣扎。很特别也很有意思的电影。@ ICA","2025/03/15","日本","https://movie.douban.com/subject/36948644/"
"神烦警探 第三季 / Brooklyn Nine-Nine Season 3","","2026/01/23","","2015/09/27","美国","https://movie.douban.com/subject/26306794/"
"神烦警探 第二季 / Brooklyn Nine-Nine Season 2","","2026/01/19","","2014/09/28","美国","https://movie.douban.com/subject/25843290/"
"神烦警探 第一季 / Brooklyn Nine-Nine Season 1","4","2026/01/15","","2013/09/17","美国","https://movie.douban.com/subject/24532463/"
"怪奇物语 第三季 / Stranger Things Season 3","3","2026/01/08","节奏突然放慢，已经总结出全剧主打分头行动信息差+精美转场+可预测jump scare，和z一起同之前一样又急又略无语地看完。(1 有用)","2019/07/04","美国","https://movie.douban.com/subject/27119156/"
"怪奇物语 第二季 / Stranger Things Season 2","","2026/01/04","关掉灯两人缩在被子里看完(1 有用)","2017/10/27","美国","https://movie.douban.com/subject/26844438/"
"狼行者 / Wolfwalkers","4","2025/12/28","喜欢美术和音乐","2020/09/12","多伦多电影节","https://movie.douban.com/subject/26694926/"
"查理·布朗，圣诞节又到了 / It's Christmastime Again, Charlie B...","5","2025/12/28","","","","https://movie.douban.com/subject/4091371/"
"昨日青春 / Happyend","3","2025/12/26","补标，对于一部电影来说议题塞得有些太满，但又是再真实不过的复杂的青春。@ ICA","2024/09/02","威尼斯电影节","https://movie.douban.com/subject/36960439/"
"死亡诗社 / Dead Poets Society","4","2025/12/26","如果是几年前看，是我大概会打五星的电影(1 有用)","1989/06/02","多伦多首映","https://movie.douban.com/subject/1291548/"
"疯狂动物城2 / Zootopia 2","3","2025/12/17","合格续作，可是再也没有第一部的那种惊喜感。情节经典到看到中途就可以猜完结尾的地步，但对迪士尼合家欢电影本来也没有更额外的期待。不过我还是挺喜欢里面的诸多关于不同动物习性小巧思小细节和各种致敬！ @ vue","2025/11/26","美国/中国大陆","https://movie.douban.com/subject/26817136/"
"野棕榈 / The Wild Palms","3","2025/11/26","World premiere @ ICA","2025/11/25","英国","https://movie.douban.com/subject/37806615/"
"摩登家庭 第十一季 / Modern Family Season 11","","2025/11/12","","2019/09/25","美国","https://movie.douban.com/subject/30454227/"
"摩登家庭 第四季 / Modern Family Season 4","","2025/11/12","","2012/09/26","美国","https://movie.douban.com/subject/10748074/"
"摩登家庭 第十季 / Modern Family Season 10","","2025/11/12","","2018/09/26","美国","https://movie.douban.com/subject/27041245/"
"这是南瓜大王哦！ 查理·布朗！ / It's the Great Pumpkin, Charli...","5","2025/11/01","","","","https://movie.douban.com/subject/2255554/"
"发展受阻 第二季 / Arrested Development Season 2","","2025/10/27","","2004/11/07","美国","https://movie.douban.com/subject/4995723/"
"发展受阻 第三季 / Arrested Development Season 3","","2025/10/27","此剧已经莫名其妙沉迷骨科无法自拔(2 有用)","","","https://movie.douban.com/subject/5414629/"
"传奇字体 / Helvetica","4","2025/10/27","There's a very thin line between simple and clean and powerful, and simple and clean and boring.","","","https://movie.douban.com/subject/1937190/"
"发展受阻 第一季 / Arrested Development Season 1","4","2025/10/19","","","","https://movie.douban.com/subject/1472988/"
"新浪潮 / Nouvelle Vague","3","2025/10/19","写给新浪潮电影的又又又一封情书，报菜名影迷大概会喜欢。电影内容的有趣主要来自熟悉的影史人物和电影，伪记录导演电影的过程本应具备解构性，却仅仅止步于各种意义上的迷恋，因此除了选角神似、形式复古和顺利讲完故事以外并无任何可说之处。不禁觉得影片结尾《精疲力尽》的成功只是再次反衬本作全方位的平庸。#LFF","2025/05/17","戛纳国际电影节","https://movie.douban.com/subject/36742578/"
"朝圣 / Romería","4","2025/10/11","无限着迷于电影中的空镜：细碎的光线和Galicia美丽的海。摄影，游泳，聚餐，跳舞，私人叙事和复杂的家庭关系探索。不同时空在日记与影像之间穿梭、交织，讲述被藏起来的父辈的故事。我喜欢长久地注视海。 #LFF","2025/05/21","戛纳电影节","https://movie.douban.com/subject/36575268/"
"我的城市 / Saute ma ville","","2025/10/11","炸掉我的城市","","","https://movie.douban.com/subject/3565920/"
"街头顽童 / Urchin","4","2025/10/09","在伦敦看的第一部电影，屏幕亮起满眼还是熟悉的街道和建筑，于是格外有沉浸感（打架场景甚至是在UCL East门口，感觉是故意设置了这个对比）。顽童般的、蜷缩成婴儿的、怀着天性里带来的一点真和一点恶的人与现实和自身的浊流对抗，以期寻找某种救赎。茫然地幽默，沉重地轻盈，成瘾性物质反而无关超现实。在伦敦，印象最深刻的陌生人恰好正是传教者和流浪汉。@ICA","2025/05/17","戛纳电影节","https://movie.douban.com/subject/36879454/"
"黄色潜水艇 / Yellow Submarine","","2025/09/24","在飞机上看完","1968/07/17","英国","https://movie.douban.com/subject/1305605/"
"史努比特辑：夏日音乐剧 / Snoopy Presents: A Summer Musical","5","2025/09/02","But we’re gonna leave it, better than we found it :)","2025/08/15","美国网络","https://movie.douban.com/subject/37364854/"
"查理布朗的圣诞节 / A Charlie Brown Christmas","5","2025/07/30","","","","https://movie.douban.com/subject/1439773/"
"瑞克和莫蒂 第八季 / Rick and Morty Season 8","5","2025/07/22","更温情的一季：荒凉的自由，温馨的不自由。Don't look back.","2025/05/25","美国","https://movie.douban.com/subject/36508122/"
"剑指高分 / High Score","5","2025/07/14","非常好的电子游戏发展史纪录片，大佬云集且节奏特别好，喜欢片头片尾和中间的像素小动画，以及感动于从业者对游戏的热爱和一次次创新的勇气。可惜内容只包括比较早期的发展史，希望以后可以接着制作续集！","2020/08/19","美国","https://movie.douban.com/subject/35162178/"
"奶奶的现代社会指南 / A Granny’s Guide to the Modern World","4","2025/06/30","太可爱了，边看边笑","2016/08/03","英国","https://movie.douban.com/subject/30223655/"
"本杰明·巴顿奇事 / The Curious Case of Benjamin Button","3","2025/06/26","","2008/12/25","美国","https://movie.douban.com/subject/1485260/"
"毕业生 / The Graduate","4","2025/06/25","","1967/12/22","美国","https://movie.douban.com/subject/1292271/"
"龙猫 / となりのトトロ","5","2025/06/19","","1988/04/16","日本","https://movie.douban.com/subject/1291560/"
"爱你的症状如爱你 / Liebe dein Symptom wie dich selbst","","2025/05/29","","","","https://movie.douban.com/subject/36117332/"
"烈火情人 / Damage","3","2025/05/27","","","","https://movie.douban.com/subject/1300605/"
"绿洲乐队1996年在内布沃斯 / Oasis Knebworth 1996","","2025/05/27","","2021/09/23","英国","https://movie.douban.com/subject/35560160/"
"歌手2025","1","2025/05/27","。。。太烂，已弃(7 有用)","2025/05/16","中国大陆","https://movie.douban.com/subject/37110424/"
"黑镜 第七季 / Black Mirror Season 7","4","2025/05/27","","2025/04/10","美国","https://movie.douban.com/subject/36653963/"
"一夜狂欢 / A Hard Day's Night","5","2025/05/26","看得我一直情不自禁地笑，一个一切都好像要无限美好下去的时期。中间突然发现演出结束谢幕鞠躬的场景几十年后也被用在了Now And Then的MV结尾，而我终于知道在那句It’s all because of you的旋律之后他们其实只是从舞台上跑开，坐上乱撒海报的直升飞机飞走了。","","","https://movie.douban.com/subject/1298566/"
"圣女贞德蒙难记 / La Passion de Jeanne d'Arc","5","2025/05/25","","1928/04/21","丹麦","https://movie.douban.com/subject/1293783/"
"爱，死亡和机器人 第四季 / Love, Death & Robots Season 4","1","2025/05/20","太烂了","2025/05/15","美国","https://movie.douban.com/subject/36056894/"
"幽灵公主 / もののけ姫","5","2025/05/14","","1997/07/12","日本","https://movie.douban.com/subject/1297359/"
"从海洋到大陆 / From the Sea to the Land Beyond","5","2025/05/12","海洋，时间在这里汹涌地流逝。(1 有用)","","","https://movie.douban.com/subject/22227667/"
"一条安达鲁狗 / Un chien andalou","","2025/04/23","","1929/06/06","法国","https://movie.douban.com/subject/1298962/"
"黑镜 第一季 / Black Mirror Season 1","5","2025/04/23","","2011/12/04","英国","https://movie.douban.com/subject/7054120/"
"IT狂人说明书 / The IT Crowd Manual","5","2025/04/22","我真的好爱","","","https://movie.douban.com/subject/25800237/"
"汉密尔顿 / Hamilton","","2025/04/20","","2020/07/03","美国网络","https://movie.douban.com/subject/34961898/"
"我和我的莫顿自行车 / Me and My Moulton","4","2025/04/19","","2014/12/03","挪威","https://movie.douban.com/subject/25985574/"
"雇佣人生 / El Empleo","","2025/04/19","","2008/09/04","阿根廷","https://movie.douban.com/subject/3823425/"
"蓝雨伞之恋 / The Blue Umbrella","","2025/04/19","好10s啊","2013/02/12","柏林国际电影节","https://movie.douban.com/subject/20505641/"
"9号秘事 第一季 / Inside No. 9 Season 1","4","2025/04/18","","2014/02/05","英国","https://movie.douban.com/subject/20452350/"
"小蝌蚪找妈妈","5","2025/04/14","","","","https://movie.douban.com/subject/3335371/"
"此心安处 / Here","3","2025/04/11","创意形式，老派故事。","2024/10/25","AFI影展","https://movie.douban.com/subject/35782224/"
"我的世界大电影 / A Minecraft Movie","","2025/04/06","其实是挺烂的爆米花电影，但十多年MC老粉还是在熟悉的背景音响起的那一刻原谅了所有。","2025/04/04","美国/中国大陆","https://movie.douban.com/subject/26149750/"
"倩女幽魂","","2025/03/31","看了重映@金逸影院（济南印象）","1987/07/18","中国香港","https://movie.douban.com/subject/1297447/"
"还有明天 / C'è ancora domani","5","2025/03/22","","2023/10/18","罗马电影节","https://movie.douban.com/subject/36445098/"
"人生切割术 第二季 / Severance Season 2","5","2025/03/21","10/10 but what the actual fuck did I just watch(1 有用)","2025/01/17","美国","https://movie.douban.com/subject/35783948/"
"唐探1900","1","2025/03/15","想到会很烂没想到这么烂(1 有用)","2025/01/29","中国大陆","https://movie.douban.com/subject/36282639/"
"十的次方 / Powers of Ten","","2025/03/04","","","","https://movie.douban.com/subject/1826231/"
"和爱丽丝的一小时 / Une heure avec Alice","4","2025/03/04","","","","https://movie.douban.com/subject/33461070/"
"风起时 / Windup","2","2025/03/04","很一般","","","https://movie.douban.com/subject/35334818/"
"西葫芦的生活 / Ma vie de courgette","4","2025/03/04","","2016/05/15","戛纳电影节","https://movie.douban.com/subject/24860289/"
"我和吸铁石和一个死去的朋友","","2025/03/04","莫名有种把自己的生活景观化给人看的感觉，很怪。","2019/06/10","法国昂西动画节","https://movie.douban.com/subject/33387267/"
"奇趣美术馆 第一季 / A Musée vous, à musée moi Season 1","5","2025/03/04","笑得","2018/01/08","法国","https://movie.douban.com/subject/33477109/"
"初步举证 / National Theatre Live: Prima Facie","5","2025/03/03","要反抗，不要流泪，不要流泪。","2022/07/21","英国点映","https://movie.douban.com/subject/35861791/"
"花样年华2001 / 花樣年華2001","","2025/02/23","","2001/05/16","戛纳电影节","https://movie.douban.com/subject/37238667/"
"三峡好人","4","2025/02/22","","2006/09/06","威尼斯电影节","https://movie.douban.com/subject/1872133/"
"阿飞正传 / 阿飛正傳","5","2025/02/22","没有来处也没有归宿，无脚鸟在出生时就死去，只是落地前还望着颠簸漫长的潮湿迷离的雨林。","1990/12/15","中国香港","https://movie.douban.com/subject/1305690/"
"游墓","4","2025/02/16","","2023/10/12","台灣國際女性影展","https://movie.douban.com/subject/36534087/"
"花样年华 / 花樣年華","5","2025/02/15","""Quizás, quizás, quizás""","2000/05/20","戛纳电影节","https://movie.douban.com/subject/1291557/"
"披头士乐队：回归 / The Beatles: Get Back","5","2025/02/14","Get back, get back","2021/11/25","美国网络","https://movie.douban.com/subject/30466797/"
"哪吒之魔童闹海","1","2025/02/14","从剔骨还父到父慈子孝大打亲情煽情牌，从反抗到为了反抗而反抗，这部电影到底和哪吒有什么关系？其余各种也是槽多无口，一言不合就是摁打，不仅逻辑幼稚而且纯粹为了场面而场面、为了金句而金句、为了搞笑而搞笑，更不用说莫名其妙的卖腐和厌女了，有够恶俗。懒得骂了，做错什么了要被迫吃两个小时这种精美大便——更何况我也根本对这些画面场景特效不感兴趣。(4 有用)","2025/01/29","中国大陆","https://movie.douban.com/subject/34780991/"
"摩登家庭 第九季 / Modern Family Season 9","","2025/02/13","","2017/09/27","美国","https://movie.douban.com/subject/27041242/"
"小妈妈 / Petite maman","5","2025/01/23","过去与未来模糊在森林小径之间，跨越时空溯洄而上相识的是妈妈和姥姥，握住的是母系的连结。告别，然后她将在离开的时刻再次存在。沉静、隽永，每一个细节我都太喜欢。","2021/03/03","柏林电影节","https://movie.douban.com/subject/35225859/"
"在她们眼中 / Le Pupille","4","2025/01/19","","2022/05/27","戛纳电影节","https://movie.douban.com/subject/35901245/"
"未来之调 / Tune into the Future","","2025/01/19","","2020/03/08","卢森堡","https://movie.douban.com/subject/37204594/"
"猫猫的奇幻漂流 / Straume","4","2025/01/14","少年派+stray版诺亚方舟，喜欢小黑猫喜欢欢乐小狗喜欢卡皮巴拉（思考了半天狗会不会爱上吃水豚💩）！","2024/05/22","戛纳电影节","https://movie.douban.com/subject/35603727/"
"爱乐之城 / La La Land","3","2025/01/14","","2016/08/31","威尼斯电影节","https://movie.douban.com/subject/25934014/"
"闪灵 / The Shining","4","2025/01/14","毛骨悚然的经典款，尽享原汁原味恐怖体验","1980/05/23","美国点映","https://movie.douban.com/subject/1292225/"
"时时刻刻 / The Hours","5","2024/12/30","","2002/12/27","美国","https://movie.douban.com/subject/1305666/"
"罗拉快跑 / Lola rennt","5","2024/12/28","","1998/08/20","德国","https://movie.douban.com/subject/1292275/"
"穿普拉达的女王 / The Devil Wears Prada","2","2024/11/30","","2006/06/30","美国","https://movie.douban.com/subject/1482072/"
"好东西","5","2024/11/23","好久没有这样愉快地看电影，看聪颖有灵气的、勇敢正直的女主演们的自然友谊与日常生活。台词真好，配乐真好，女人真好。我喜欢这部电影的有话直说，妈妈什么都知道，小孩什么都知道，她们轻盈又锋利地把那些埋在生活里的刺点出来，拿起笔写属于自己的叙事，拒绝再去玩他们的游戏。此外最爱的部分是小孩听录音和妈妈做家务的跳切，是打雷是龙卷风是童稚的幻想，是炒菜下锅是抖衣服是细碎的日常生活，就这样被声音串联在一起，简直神来之笔。

但不仅如此，更重要的是电影敏锐地描述了一种当下的生活、直面了当前的问题。如果有人觉得这样算尖锐，那么你大概没有经历过同样的挣扎和痛苦；如果有观点就算说教，so be it，因为就是要表达、就是要让更多人看见。而对于整部电影——“如果能让你开心，那就是好东西”。","2024/11/13","金鸡国产电影展","https://movie.douban.com/subject/36154853/"
"办公室  第六季 / The Office Season 6","3","2024/11/19","看到婚礼那一集觉得又无语又好笑又有点感动的心情到了极点，但也决定弃剧了，其中一个原因是Micheal的人设已经有点恶心到了我无法觉得好笑的地步。","2009/09/17","美国","https://movie.douban.com/subject/4040275/"
"办公室  第五季 / The Office Season 5","5","2024/11/18","","2008/09/25","美国","https://movie.douban.com/subject/3100868/"
"办公室 第四季 / The Office Season 4","5","2024/11/01","已爱上","2007/09/27","美国","https://movie.douban.com/subject/2171019/"
"办公室   第三季 / The Office Season 3","4","2024/10/27","其他都不错，但感觉Jim&Pam线写得有点太俗套，Jan的走向我也很不喜欢。","2006/09/21","美国","https://movie.douban.com/subject/2163588/"
"办公室   第二季 / The Office Season 2","5","2024/10/23","怎么做到又讽刺到令人恶心的地步又这么好笑！以及爱看爱嗑Jim&Pam，其他几对也creepy得很别致。","2005/09/20","美国","https://movie.douban.com/subject/2159568/"
"生命的意义 / The Meaning of Life","4","2024/10/22","","","","https://movie.douban.com/subject/2032714/"
"办公室 第一季 / The Office Season 1","4","2024/10/20","","2005/03/24","美国","https://movie.douban.com/subject/10529476/"
"辛普森一家 第三十三季 / The Simpsons Season 33","","2024/10/18","","2021/09/26","美国","https://movie.douban.com/subject/35384513/"
"辛普森一家 第三十五季 / The Simpsons Season 35","3","2024/10/14","","2023/10/01","美国","https://movie.douban.com/subject/36220848/"
"辛普森一家 第三十四季 / The Simpsons Season 34","4","2024/10/14","","2022/09/25","美国","https://movie.douban.com/subject/35384514/"
"木头与柴火 / TIMBER","","2024/09/30","","2015/01/25","瑞典","https://movie.douban.com/subject/27598510/"
"退货 / Rejected","","2024/09/28","","2000/07/25","美国","https://movie.douban.com/subject/1461798/"
"皮特 / Pete","","2024/09/28","","","","https://movie.douban.com/subject/36439910/"
"王朝 第一季 / Dynasties Season 1","4","2024/09/26","好像是在逸夫馆看的最后几部影视作品","2018/11/12","中国大陆","https://movie.douban.com/subject/27182707/"
"辛普森一家 第三十二季 / The Simpsons Season 32","4","2024/09/25","The show has become too Disney.","2020/09/27","美国","https://movie.douban.com/subject/30454694/"
"辛普森一家 第三十一季 / The Simpsons Season 31","3","2024/09/18","","2019/09/29","美国","https://movie.douban.com/subject/30454693/"
"头脑特工队 / Inside Out","3","2024/09/16","看的时候心情很差，看完之后莫名觉得心情更糟糕了，只有片尾彩蛋比较喜欢。","2015/05/18","戛纳电影节","https://movie.douban.com/subject/10533913/"
"从21世纪安全撤离","2","2024/09/14","又好又烂，穿越虽然不新鲜但拍成中二燃漫多少还有点好玩，顺便还卖得一手好年代感情怀。看罢其实感觉挺爽的（除了结尾有点过于垃圾），但这个剧情内容我想了十分钟也找不出来太多优点。整体情节来说给我的印象就是心智永远活在中学的拿圣婊二元论看女生的男的幻想性地完成热血幼稚正义使命，但内核却像一个哭着演可怜的老男人接受不了青春逝去女友离开和自己的阳痿，因此想出这一切以逃避性地满足自己最后的自尊。倒不是说我无法跟青春燃漫共情，我只是实在受不了故意的浅薄。","2024/08/02","中国大陆","https://movie.douban.com/subject/26816104/"
"了不起的狐狸爸爸 / Fantastic Mr. Fox","5","2024/09/13","🦊✊","2009/10/14","伦敦电影节","https://movie.douban.com/subject/1759386/"
"其他 / Et Cetera","","2024/09/11","","","","https://movie.douban.com/subject/1476241/"
"辛普森一家 第三十季 / The Simpsons Season 30","4","2024/09/09","","2018/09/30","美国","https://movie.douban.com/subject/26910824/"
"金的音像店 / Kim's Video","4","2024/09/07","一开始以为这是一个类似于John Wilson的那种很纽约的纪录片（实际上结构也确实有点像？），但看到后面就越来越变得迷乱和伪纪录片了。总觉得导演还有很多细节并没有说清楚，不知道是不是确实因为条件不允许还是故弄玄虚，以及暗示黑手党和政府勾连的那里真的有点吓人！","2023/01/20","圣丹斯电影节","https://movie.douban.com/subject/36181567/"
"神探夏洛克 第一季 / Sherlock Season 1","","2024/09/07","","2010/07/25","英国","https://movie.douban.com/subject/3986493/"
"你还记得多莉·贝尔吗？ / Sjećaš li se Doli Bel?","4","2024/09/07","提取印度洋的海水，可以让地球远离太阳，获得永远清爽的夏天。在催眠式的社会主义里，一遍遍唱的24 Mila Baci里，不复存在的国家里，你还记得多莉贝尔吗？","1981/04/15","南斯拉夫","https://movie.douban.com/subject/1295068/"
"李献计历险记","","2024/09/06","","2009/12/05","中国大陆","https://movie.douban.com/subject/4226741/"
"西游记","5","2024/09/05","","","","https://movie.douban.com/subject/2156663/"
"拽妹黛薇儿 第五季 / Daria Season 5","5","2024/09/05","","2001/02/19","美国","https://movie.douban.com/subject/26583813/"
"哈佛大学公开课：计算机科学CS50 / CS50 Live","5","2024/09/05","神课","","","https://movie.douban.com/subject/26612582/"
"拽妹黛薇儿要上大学了没 / Daria: Is it College Yet?","5","2024/09/05","","","","https://movie.douban.com/subject/2054458/"
"拽妹黛薇儿之暑假要结束了没 / Daria: The Movie - Is It Fall Yet?","4","2024/09/03","缝缝补补又一年，至少都在成长（除了Kevin and Brittney哈哈哈）","","","https://movie.douban.com/subject/2054560/"
"拽妹黛薇儿 第四季 / Daria Season 4","4","2024/09/02","结尾太脑瘫了，最讨厌看这种狗血戏码。为了一个刚认识几天的男的就瞬间抛弃你最好的女性朋友并且天天没事找事和她吵架还说人家嫉妒你，位置互换才知道被迫当电灯泡会让人很为难当初干嘛去了。评论区也是真的有病不骂Tom骂Daria，你们超爱😅。最后性缘脑到底能不能滚啊，来看Daria不是为了看这种东西的不然不如去看《亢奋》。","2000/02/25","美国","https://movie.douban.com/subject/26583812/"
"心声 / Pauline","","2024/09/01","","2010/11/18","巴黎同志电影节","https://movie.douban.com/subject/6724942/"
"黑夜的孩子 / Les enfants de la nuit","4","2024/09/01","“..... the evils of mankind are caused, not by the primary aggressiveness of individuals, but by their self-transcending identification with groups whose common denominator is low intelligence and high emotionality.”","2012/10/31","法国","https://movie.douban.com/subject/10559686/"
"拽妹黛薇儿 第三季 / Daria Season 3","4","2024/08/31","","1999/02/17","美国","https://movie.douban.com/subject/26583811/"
"无熊之境 / خرس نیست","4","2024/08/31","","2022/09/09","威尼斯电影节","https://movie.douban.com/subject/35900179/"
"拽妹黛薇儿 第二季 / Daria Season 2","5","2024/08/27","","1998/02/16","美国","https://movie.douban.com/subject/26583810/"
"水仙花开 / Naissance des pieuvres","5","2024/08/27","Adèle好美","2007/05/17","戛纳电影节","https://movie.douban.com/subject/2063533/"
"拽妹黛薇儿 第一季 / Daria Season 1","5","2024/08/23","我太喜欢了，边看边狂笑。","","","https://movie.douban.com/subject/1839600/"
"约翰·威尔逊的十万个怎么做 第二季 / How to with John Wilson Se...","5","2024/08/19","","2021/11/26","美国","https://movie.douban.com/subject/35401261/"
"辛普森一家 第二十九季 / The Simpsons Season 29","","2024/08/19","","2017/10/01","美国","https://movie.douban.com/subject/26904459/"
"约翰·威尔逊的十万个怎么做 第一季 / How to with John Wilson Se...","5","2024/08/16","很爱最后一集（每一集都喜欢），但是纽约的鼠鼠真的好多啊！","2020/10/23","美国","https://movie.douban.com/subject/35205588/"
"与悔共存 / How to Live With Regret","5","2024/08/15","","2018/04/18","美国","https://movie.douban.com/subject/35417589/"
"神偷奶爸4 / Despicable Me 4","3","2024/08/15","歌姐惊喜配音，其他真的过于一般","2024/06/16","翠贝卡电影节","https://movie.douban.com/subject/30170847/"
"香蕉 / Banana","","2024/08/15","《依盖队》","2010/12/14","美国","https://movie.douban.com/subject/5681006/"
"家庭大改造 / Home Makeover","","2024/08/15","","2010/12/14","美国","https://movie.douban.com/subject/5681026/"
"迎新日 / Orientation Day","","2024/08/15","","2010/12/14","美国","https://movie.douban.com/subject/5905756/"
"收发室惊魂 / Panic in the Mailroom","","2024/08/15","","2013/12/10","美国","https://movie.douban.com/subject/25750823/"
"宠物 / Puppy","4","2024/08/15","","2013/12/10","美国","https://movie.douban.com/subject/25750820/"
"辅助轮 / Training Wheels","","2024/08/15","","2013/12/10","美国","https://movie.douban.com/subject/25750824/"
"香蕉之歌 / Minions - Banana Song","","2024/08/15","","","","https://movie.douban.com/subject/26992029/"
"小黄人番外篇：换灯泡 / Minions - Changing Light Bulb","","2024/08/15","","","","https://movie.douban.com/subject/26990129/"
"小黄人番外篇：不消停的宾齐·尼尔森 / Minions: Mini-Movie - Bin...","","2024/08/15","","2015/11/16","英国","https://movie.douban.com/subject/26655898/"
"小黄人番外篇：比赛 / Minions: Mini-Movie - The Competition","","2024/08/15","","2015/11/12","德国","https://movie.douban.com/subject/26655894/"
"辛普森一家 第二十八季 / The Simpsons Season 28","3","2024/08/09","","2016/09/25","美国","https://movie.douban.com/subject/26382787/"
"互联网之子 / The Internet's Own Boy: The Story of Aaron Swartz","5","2024/08/07","“He was the Internet's own boy, and the old world killed him. ”看到结尾时一直流泪。而一直以来我也坚信的事情，就是要“orients technical activity for the purposes of political goals.”(2 有用)","2014/01/20","圣丹斯电影节","https://movie.douban.com/subject/25785114/"
"玩具总动员：派对恐龙 / Partysaurus Rex","","2024/08/05","","2012/09/14","美国","https://movie.douban.com/subject/11599090/"
"夏威夷假期 / Hawaiian Vacation","","2024/08/05","","2011/06/24","美国","https://movie.douban.com/subject/5996847/"
"玩具总动员：遗忘的时光 / Toy Story That Time Forgot","","2024/08/05","补标","2014/12/02","美国","https://movie.douban.com/subject/25815426/"
"台灯生活 / Lamp Life","4","2024/08/05","","2020/01/31","美国","https://movie.douban.com/subject/34956867/"
"玩具总动员之惊魂夜 / Toy Story of Terror!","4","2024/08/05","","2013/10/16","美国","https://movie.douban.com/subject/20515892/"
"辛普森一家 第二十七季 / The Simpsons Season 27","4","2024/08/04","","2015/09/27","美国","https://movie.douban.com/subject/26382778/"
"2024年第33届巴黎奥运会开幕式 / Cérémonie d'ouverture des Jeu...","4","2024/07/27","自由的盛宴，平等的力量，博爱的狂欢。很喜欢跑酷的蒙面火炬手的设计：穿梭于屋檐之间，途径河边的人群和奥运奖牌制作（和LV硬广），途径大革命、新浪潮与歌剧，途径多样的鲜活的每一个人。","2024/07/26","法国","https://movie.douban.com/subject/35562714/"
"辛普森一家 第二十六季 / The Simpsons Season 26","4","2024/07/24","虽然之前Bender已经出场过好多次，但居然到这一季才和Futurama正式联动！不过The Simpsons也真的有点out of ideas了:( 很惊讶居然R&M也加入couch gags了，有点时空混乱感……以及不喜欢马斯克客串（当我写评价只能聊客串和联动的时候，说明大概该是弃剧的时候了）。","2014/09/28","美国","https://movie.douban.com/subject/25741399/"
"Yacht Rock","","2024/07/24","居然有条目哈哈哈，“the rock power of really smooth music”(1 有用)","","","https://movie.douban.com/subject/5192519/"
"歌手2024","1","2024/07/21","很难评，国外歌手都很喜欢国内基本无感除了黄宣、张钰琪和Tia。打着真实噱头但依旧给某些歌手修音别太离谱。大赞b站橘老师点评版！更新：黄宣被海来阿木淘汰究竟是什么脑瘫剧情😅总决赛结局更是癫🤡(11 有用)","2024/05/10","中国大陆","https://movie.douban.com/subject/36640253/"
"辛普森一家 第二十五季 / The Simpsons Season 25","4","2024/07/20","We’ll really miss you Mrs. K :(","2013/09/29","美国","https://movie.douban.com/subject/11531760/"
"厚皮 / Pachyderme","","2024/07/05","好恐怖…","2022/04/24","法国","https://movie.douban.com/subject/35927549/"
"辛普森一家 第二十三季 / The Simpsons Season 23","3","2024/07/01","最后一集很迷惑，和Michael Jackson那集（也是我最喜欢的一集之一）对比一下高下立现。唯一让我觉得稍好一点的部分是Lisa对着Lady Gaga发火，当我以为好戏即将开场，一切又迅速地滑稽地回落到了亮晶晶的庸俗，直至结尾。《辛普森一家》系列越往后看也越难让我给出过去一样的好评了，好悲伤……","","","https://movie.douban.com/subject/6803012/"
"辛普森一家 第二十二季 / The Simpsons Season 22","","2024/06/29","","","","https://movie.douban.com/subject/5279662/"
"辛普森一家  第二十一季 / The Simpsons Season 21","","2024/06/29","","","","https://movie.douban.com/subject/4095744/"
"来福大酒店","2","2024/06/26","看到开头就猜到一大半结尾的那类电影，在毕业前夕和朋友们一起被大篇幅煽情整得一起大哭。2024.6.22 @金逸影院，免费领了好多海报！(2 有用)","2024/06/28","中国大陆","https://movie.douban.com/subject/36173819/"
"狗阵","4","2024/06/18","作为正在交替乘火车与汽车颠簸着在青甘线旅游的、一路望着窗外景色从草原变为荒漠的游客，狗阵中的西北景观与小镇风貌对我来说几乎是沉浸式的——实际上，08年风格的小卖部至今也都坚挺地存在于不少西北城市，售卖着“拖肥”等童年零食。但是滤镜有点太蓝了，我比较喜欢更真实的黄沙吹面的荒漠。

2008，奥运、地震、拆迁、日食，刚出狱的杀人犯和被喊打的狗，还附带一阵“隔离”和一个衰败的动物园（后者的主要作用就是制造一个“动物出笼走入城镇”的景吧），这选题实在过于讨巧。但也正因为可以讲的可以影射的东西太多、可以用的符号太多，反而很多事情都没讲好。恋爱情节不知道有什么作用，正如他们也其实并不关心黄狗而只关心小黑狗，且带着小黑狗飞驰的结尾又实在难评。当Pink Floyd响起时，我却彻底感觉到浓郁的冲奖味儿。","2024/05/18","戛纳电影节","https://movie.douban.com/subject/35242872/"
"大坏狐狸的故事 / Le Grand Méchant Renard et autres contes...","4","2024/06/13","好喜欢","2017/06/15","安锡动画电影节","https://movie.douban.com/subject/27042405/"
"神厨小福贵","5","2024/06/03","小时候一直没看到结尾，不知道这么悲凉","","","https://movie.douban.com/subject/3025311/"
"哪吒闹海","5","2024/06/02","你的骨肉我还给你。","1979/05/19","中国大陆","https://movie.douban.com/subject/1307315/"
"给猪的信 / מכתב לחזיר","","2024/05/26","","2022/07/24","耶路撒冷电影节","https://movie.douban.com/subject/35840146/"
"九十五种感觉 / Ninety-five Senses","4","2024/05/26","","2023/03/27","克利夫兰国际电影节","https://movie.douban.com/subject/36207500/"
"战争结束了！ / War Is Over!","","2024/05/26","真·战场上的快乐圣诞(1 有用)","2023/09/21","美国","https://movie.douban.com/subject/36744569/"
"辛普森一家 第二十季 / The Simpsons Season 20","3","2024/05/24","中途变高清之后质量变差很多。","","","https://movie.douban.com/subject/3236037/"
"辛普森一家  第十四季 / The Simpsons Season 14","","2024/05/24","","2002/11/03","美国","https://movie.douban.com/subject/4919246/"
"辛普森一家  第十七季 / The Simpsons Season 17","","2024/05/24","","","","https://movie.douban.com/subject/4214737/"
"辛普森一家  第十九季 / The Simpsons Season 19","4","2024/05/19","","","","https://movie.douban.com/subject/2157203/"
"过春天","","2024/05/14","看于逸夫馆，w好像比较喜欢但是我一般","2018/09/08","多伦多电影节","https://movie.douban.com/subject/27191431/"
"房间 / Room","","2024/05/13","","2015/09/04","特柳赖德电影节","https://movie.douban.com/subject/25724855/"
"辛普森一家 第十八季 / The Simpsons Season 18","4","2024/05/11","","","","https://movie.douban.com/subject/2153944/"
"战场上的快乐圣诞 / Merry Christmas Mr. Lawrence","4","2024/05/10","用这种方法拍西方与日本文化冲突真的很日本。@if馆，字幕有漏译","1983/05/11","戛纳电影节","https://movie.douban.com/subject/1303535/"
"年少日记 / 年少日記","3","2024/05/07","在前大半段的几次煽情中流泪是因为在有杰身上代入了自己的痛苦，但当主角真正的身份揭晓，我的情绪很快变成了一种“自由的愧疚”。这让我觉得整场电影全程都更像是在顾影自怜，是在努力解释男主的每一个人生选择（不仅有如此大篇幅的无必要的感情戏，而且我觉得他对学生的关怀和影响在影片中表现得也极其有限），而不是真的纪念逝者或者讲述自杀意愿者的故事。
我们东亚小孩对自杀最大的幻想往往是作为一种报复，要么就是由于过多的负罪感而产生的对于消失的渴望。可跳下去之后又如何？好像等待被望子成龙的势利眼的家暴父亲临终前流露的一点记忆模糊的忏悔、等待曾经漠然的兄弟出于愧疚带着自己的份生活并有一天终于翻开尘封的日记来面对，在活着的人眼里一切就又都和解地圆满了。这也太扯蛋了，还是先活下去吧。@中影（津湾CINITY）(2 有用)","2023/06/11","上海国际电影节","https://movie.douban.com/subject/34940879/"
"SOUL POWER LIVE 陶喆香港演唱會","5","2024/04/23","","2003/12/19","中国香港","https://movie.douban.com/subject/35049467/"
"我是歌手 第三季","","2024/04/23","","2015/01/02","中国大陆","https://movie.douban.com/subject/26261185/"
"伦敦生活 第二季 / Fleabag Season 2","5","2024/04/22","","2019/03/04","英国","https://movie.douban.com/subject/27053768/"
"摩登家庭 第八季 / Modern Family Season 8","","2024/04/21","","2016/09/21","美国","https://movie.douban.com/subject/26740396/"
"辛普森一家 第十五季 / The Simpsons Season 15","","2024/04/20","","2003/11/02","美国","https://movie.douban.com/subject/4707223/"
"伦敦生活 第一季 / Fleabag Season 1","4","2024/04/17","看得我心里挺难受的…太绝望了这种感觉","2016/07/21","英国","https://movie.douban.com/subject/26838164/"
"布莱克书店  第三季 / Black Books Season 3","5","2024/04/13","","","","https://movie.douban.com/subject/4059087/"
"坠落的审判 / Anatomie d'une chute","5","2024/04/12","借一次模糊不清的死亡，把一个家庭日常生活藏起的琐碎和不堪一重重剖析给人看、给人拿来审判。本来好像也不是那种特别离奇或格外具有冲突的矛盾/案件，但在一次次审判中反而逐渐让人觉得深刻和复杂。很喜欢这种借助庭审的时候各方充满机锋而慎密的发言（实在太精彩了）和不断更新的举证来推进叙事的方法，其间语言的不断切换更是意味深长。

看完电影最感慨的就是女主实在是太厉害的太值得敬佩的女性，能在语言不通人生地不熟的谋杀审判中做到如此稳定和自洽、能在几乎任何情况下工作并取得很傲人的成果、即使在吵架时对方崩溃也能保持如此有逻辑……相比之下尽管她丈夫也承担了一部分本就应该的养家职责，但实在连好父亲都很难算得上。如果连这样的电影都不算讨论性别议题我只能……再有就是喜欢狗狗Messi的表演！！！(1 有用)","2023/05/21","戛纳电影节","https://movie.douban.com/subject/35633650/"
"布莱克书店  第二季 / Black Books Season 2","","2024/04/10","","","","https://movie.douban.com/subject/4073744/"
"辛普森一家  第十三季 / The Simpsons Season 13","5","2024/04/10","","2001/11/06","美国","https://movie.douban.com/subject/4919245/"
"辛普森一家 / The Simpsons Movie","4","2024/04/08","前半段真的很好笑哈哈哈","2007/07/27","美国","https://movie.douban.com/subject/1851906/"
"虹猫蓝兔七侠传","","2024/04/07","童年回忆","2006/09/05","中国大陆","https://movie.douban.com/subject/3204594/"
"饮食男女 / 飲食男女","5","2024/04/05","太好看了太好吃了，虽然是刚吃完饭但仍然狠狠看饿，即使是里面的报菜名环节也感觉很有意思！情节也真是像做饭一样工稳流畅环环紧扣，且太多回味无穷的有趣细节，我一边狂笑一边震惊一边感慨李安牛逼（以及演员之间的莞莞类卿）。想起我家之前也是每周末不论任何事情都会一起在姥姥姥爷家吃饭，很少掌勺的姥姥说起来也是某湘菜馆大厨之女，梁伯母口音虽然搞笑但听起来无比亲切，可惜我们也再也没办法一起吃饭了。
看于逸夫馆","1994/05/13","戛纳电影节","https://movie.douban.com/subject/1291818/"
"你想活出怎样的人生 / 君たちはどう生きるか","4","2024/04/04","流动的梦境串联起火焰、飞行、异世界等熟悉的意象，“真正的人”在战争与恶意中只能不断地寻找母体。“你想活出怎样的人生”既是要在幻想与现实生活中做出英勇抉择，也又只像是对挣扎的命运的自我说服。正如人不得不从如水的梦境中醒来，奇想动画片构筑的小石块之塔和联通不同时空的维新高塔也一样注定要崩塌，彼时所有可解释的与不可解释的符号与意象都会一并涌出，所过之处留下一片美的赞叹与白色鸟屎。看于海河剧院。(3 有用)","2023/07/14","日本","https://movie.douban.com/subject/26925611/"
"辛普森一家 第十二季 / The Simpsons Season 12","5","2024/04/02","","","","https://movie.douban.com/subject/4828099/"
"布莱克书店 第一季 / Black Books Season 1","4","2024/03/31","","","","https://movie.douban.com/subject/1482132/"
"辛普森一家 第十一季 / The Simpsons Season 11","5","2024/03/28","惊现神预言Trump上台+Futurama中Bender乱入，喜欢E22(1 有用)","1999/09/26","美国","https://movie.douban.com/subject/3931341/"
"辛普森一家 第十季 / The Simpsons Season 10","","2024/03/25","","","","https://movie.douban.com/subject/2301423/"
"希尔达 第三季 / Hilda Season 3","4","2024/03/20","","2023/12/07","美国","https://movie.douban.com/subject/36563641/"
"辛普森一家 第九季 / The Simpsons Season 9","","2024/03/17","","1997/09/21","美国","https://movie.douban.com/subject/2301424/"
"希尔达 第二季 / Hilda Season 2","","2024/03/14","","2020/12/14","英国","https://movie.douban.com/subject/35257844/"
"辛普森一家 第八季 / The Simpsons Season 8","4","2024/03/06","","","","https://movie.douban.com/subject/3163988/"
"辛普森一家 第七季 / The Simpsons Season 7","","2024/03/02","","","","https://movie.douban.com/subject/2348542/"
"辛普森一家 第六季 / The Simpsons Season 6","5","2024/02/28","","","","https://movie.douban.com/subject/3751196/"
"正常人 / Normal People","4","2024/02/25","看前半段的时候我一直在心里困惑地一遍一遍地想，为什么总是这样的剧情，相爱的人为什么总是不能在一起或者拒绝在一起，为什么总会有这么多误会或者其他来阻拦人们相爱。看到后面有种释然的感觉，于是一直转而在想究竟什么是“正常人”，大概“正常”是看似正常的怪人想逃脱的和被视为是怪异者所追求的。或许相比于对自我的追寻，把一段重要的友谊变成恋爱关系并非必要？但是大概表达爱意是重要的。此外，非常讨厌结尾那句“People can really change one another.”

我对萨利鲁尼之前没有太多好感（指《聊天记录》），但是打算有时间去看看《正常人》的原著！因为总感觉有不少地方理解得不是很好。","2020/04/26","英国","https://movie.douban.com/subject/33477335/"
"请为我投票 / Please Vote for Me","","2024/02/24","很久之前看过，真的感觉恐怖。","2007/09/06","多伦多电影节","https://movie.douban.com/subject/2267155/"
"三和人才市场  中国日结1500日元的年轻人们 / 三和人材市場～中国...","","2024/02/24","去年底于逸夫馆","2018/05/06","日本","https://movie.douban.com/subject/30219684/"
"辛普森一家  第五季 / The Simpsons Season 5","5","2024/02/23","Springfield镇民个性越来越丰富的一季（特别是Smithers对Burns的情感……），而且致敬了不少知名电影，看起来很过瘾。","","","https://movie.douban.com/subject/3748257/"
"辛普森一家 第四季 / The Simpsons Season 4","5","2024/02/18","","","","https://movie.douban.com/subject/6716298/"
"长安三万里","2","2024/02/13","我爸看完这电影天天跟我乱讲虚假历史。","2023/07/08","中国大陆","https://movie.douban.com/subject/36035676/"
"机器人之梦 / Robot Dreams","5","2024/02/08","不要再错过，不必再重逢。(1 有用)","2023/05/20","戛纳电影节","https://movie.douban.com/subject/35426925/"
"流浪地球2","2","2024/02/08","","2023/01/22","中国大陆","https://movie.douban.com/subject/35267208/"
"辛普森一家 第三季 / The Simpsons Season 3","","2024/02/06","","1991/09/19","美国","https://movie.douban.com/subject/3882894/"
"飞出个未来大电影2：万背之兽 / Futurama: The Beast with a Billi...","5","2024/02/01","","","","https://movie.douban.com/subject/2150085/"
"飞出个未来大电影4：绿色狂想 / Futurama: Into the Wild Green Yo...","","2024/02/01","","","","https://movie.douban.com/subject/2150083/"
"都是陌生人 / All of Us Strangers","3","2024/01/29","","2023/08/31","特柳赖德电影节","https://movie.douban.com/subject/35955811/"
"里约大冒险 / Rio","","2024/01/28","","2011/04/08","中国大陆","https://movie.douban.com/subject/3731581/"
"美国丽人 / American Beauty","","2024/01/28","补标，感谢（多年以前的）推荐。","1999/09/08","洛杉矶首映","https://movie.douban.com/subject/1292062/"
"马鹿舞","","2024/01/28","","2023/12/25","中国大陆","https://movie.douban.com/subject/36701918/"
"犯罪心理 第一季 / Criminal Minds Season 1","5","2024/01/21","12月底看完忘记标了，看这一类型的剧/电影不太多，不过感觉犯罪心理在犯罪行为、心理分析和人物塑造之间平衡得很好。除此之外很担心FBI探员们的心理健康……","2005/09/22","美国","https://movie.douban.com/subject/1427816/"
"IT狂人  第三季 / The IT Crowd Season 3","5","2024/01/20","狂笑","2008/11/21","英国","https://movie.douban.com/subject/3345619/"
"IT狂人 第四季 / The IT Crowd Season 4","5","2024/01/20","","2010/06/25","英国","https://movie.douban.com/subject/4850563/"
"IT狂人特别篇 / The IT Crowd: The Internet Is Coming","5","2024/01/20","一个几乎完美的结尾","2013/09/27","英国","https://movie.douban.com/subject/20453087/"
"生活大爆炸幕后揭秘 / Unraveling the Mystery: A Big Bang Farewell","","2024/01/19","","2019/05/16","美国","https://movie.douban.com/subject/33444809/"
"IT狂人 第一季 / The IT Crowd Season 1","5","2024/01/17","","2006/02/03","英国","https://movie.douban.com/subject/1758810/"
"IT狂人 第二季 / The IT Crowd Season 2","5","2024/01/17","很美的精神状态","2007/08/24","英国","https://movie.douban.com/subject/3570688/"
"希尔达 第一季 / Hilda Season 1","5","2024/01/16","","2018/09/21","世界范围","https://movie.douban.com/subject/27097041/"
"玩具总动员：小玩具 / Small Fry","","2024/01/06","","2011/11/23","美国","https://movie.douban.com/subject/6970694/"
"瑞克和莫蒂 第七季 / Rick and Morty Season 7","5","2023/12/22","喜欢E10","2023/10/15","美国","https://movie.douban.com/subject/36025639/"
"独立游戏大电影 / Indie Game: The Movie","4","2023/12/19","","2012/01/20","圣丹斯电影节","https://movie.douban.com/subject/7015793/"
"模仿游戏 / The Imitation Game","3","2023/12/13","工整传记片，总有种很失真和经常出戏的感觉……不管是本片还是与之相似的《奥本海默》，都让我感觉各方面远不如真实历史精彩。","2014/08/29","特柳赖德电影节","https://movie.douban.com/subject/10463953/"
"菊次郎的夏天 / 菊次郎の夏","4","2023/11/29","","1999/05/20","戛纳电影节","https://movie.douban.com/subject/1293359/"
"阳光小美女 / Little Miss Sunshine","5","2023/11/27","相比其他，我总是偏爱关于失败者的故事。人生就是一场没有停歇的选美比赛，而我们是踏上不属于我们的舞台尽情狂舞的loser","2006/01/20","圣丹斯电影节","https://movie.douban.com/subject/1777612/"
"摩登家庭 第七季 / Modern Family Season 7","3","2023/11/20","","2015/09/23","美国","https://movie.douban.com/subject/26385630/"
"摩登家庭 第六季 / Modern Family Season 6","4","2023/11/16","","2014/09/24","美国","https://movie.douban.com/subject/25879091/"
"摩登家庭 第五季 / Modern Family Season 5","","2023/11/11","","2013/09/25","美国","https://movie.douban.com/subject/22523273/"
"地下 / Подземље","5","2023/11/03","","1995/04/01","南斯拉夫","https://movie.douban.com/subject/1292206/"
"摩登家庭  第三季 / Modern Family Season 3","","2023/11/01","","2011/09/21","美国","https://movie.douban.com/subject/6729121/"
"河边的错误","3","2023/10/28","挺喜欢电影塑造的那种阴湿的氛围，很符合我对原著以及其他几篇先锋小说的整体印象。但其他地方并不给我很强的荒诞感、疯癫感（疯子不让我觉得是疯子，而把疯癫用一种过于简明的方式体现出来就有点失去了诡谲的乐趣），反而更像是对过分理性导致失秩的一种刻画。电影院的场所设置挺取巧（或者说刻意）。最后结尾和原著大相径庭，总觉得是借余华的故事表达了很不一样的肤浅得多的内核。不过原著是很久之前读的，所以我的印象不一定准确。@莱纳星","2023/05/20","戛纳电影节","https://movie.douban.com/subject/35256092/"
"摩登家庭 第二季 / Modern Family Season 2","5","2023/10/26","爱歌姐","2010/09/22","美国","https://movie.douban.com/subject/4904662/"
"3Blue 1Brown Season 1","5","2023/10/24","怎么这都有条目哈哈哈，3b1b我的神！","2015/03/05","美国","https://movie.douban.com/subject/34954595/"
"风柜来的人 / 風櫃來的人","5","2023/10/21","","1983/11/19","中国台湾","https://movie.douban.com/subject/1299436/"
"瓦尔特保卫萨拉热窝 / Валтер брани Сарајево","","2023/10/20","","1972/11/30","匈牙利","https://movie.douban.com/subject/1291860/"
"摩登家庭 第一季 / Modern Family Season 1","5","2023/10/19","","2009/09/22","美国","https://movie.douban.com/subject/3754382/"
"乔乔的异想世界 / Jojo Rabbit","3","2023/10/18","@逸夫馆","2019/09/08","多伦多电影节","https://movie.douban.com/subject/30170546/"
"飞出个未来 第十一季 / Futurama Season 11","4","2023/10/15","","2023/07/24","美国","https://movie.douban.com/subject/35765194/"
"三块广告牌 / Three Billboards Outside Ebbing, Missouri","4","2023/10/13","@if馆","2017/09/04","威尼斯电影节","https://movie.douban.com/subject/26611804/"
"哈利·波特与死亡圣器(下) / Harry Potter and the Deathly Hallow...","","2023/10/08","","2011/07/15","美国","https://movie.douban.com/subject/3011235/"
"失控玩家 / Free Guy","3","2023/10/08","看完怪奇物语出来大跳戏哈哈哈……概念不错但整体而言就是普通好莱坞罐头。(1 有用)","2021/08/10","洛迦诺电影节","https://movie.douban.com/subject/30337388/"
"阿凡达：水之道 / Avatar: The Way of Water","4","2023/09/13","视觉效果真的很可以，剧情略平庸，看完全家人都表示由于忘记第一部情节看得时候困惑了半天。另外影院中途似乎遇到技术故障，对话声音时有时无，有点离谱。
@2023-01-02","2022/12/14","中国香港/中国台湾","https://movie.douban.com/subject/4811774/"
"怪兽电力公司 / Monsters, Inc.","","2023/09/13","","2001/11/02","美国","https://movie.douban.com/subject/1291579/"
"花木兰 / Mulan","","2023/09/13","","1998/06/19","美国","https://movie.douban.com/subject/1294833/"
"博物馆奇妙夜 / Night at the Museum","","2023/09/13","","2006/12/17","纽约首映","https://movie.douban.com/subject/1835843/"
"十二怒汉 / 12 Angry Men","","2023/09/12","","1957/04/10","美国","https://movie.douban.com/subject/1293182/"
"不虚此行","4","2023/09/11","整体很不错，可观影时总有种强烈的陌生感和刻意感：需要教学的北京话、有点像日韩导演的调色，乃至于请陌生人进行悼词写作这件事情本身都有违于我的生活印象。声音效果也有点不太好，总感觉人物声音和背景音很违和，不知道是否是影院问题。

除此之外，很喜欢“小尹”的设置和巧妙的叙事方式，或者说整部电影就是悼词写作为表的叙事游戏。镜头框中框呼应海报，带领观众突破一重重叙事走到死亡或生活本身。最喜欢的细节是红毛衣女生问甘铭的追悼会他穿着什么衣服，因为这也是我时常在想的问题。(10 有用)","2023/06/10","上海国际电影节","https://movie.douban.com/subject/35432345/"
"永安镇故事集","2","2023/09/08","太油了啊！观影过程全程有种回家了一般的恶心，一开始我还以为全部的恶心都是一种讽刺，但后来发现后来发现只有一半是，另一半是真的恶心。过多的嘲讽只不过是一种自恋，且刻意的美与丑都令我觉得蠢。这年头只要解构与玩梗就可以算影迷狂欢了么？@大吉利（屏幕真的不太行，下次不可贪小便宜）(2 有用)","2021/07/14","戛纳电影节","https://movie.douban.com/subject/35231700/"
"盗梦空间 / Inception","5","2023/09/03","太精彩","2010/07/16","美国","https://movie.douban.com/subject/3541415/"
"海绵宝宝 第四季 / SpongeBob SquarePants Season 4","","2023/09/02","","2005/05/06","美国","https://movie.douban.com/subject/11612337/"
"海绵宝宝 第五季 / SpongeBob SquarePants Season 5","","2023/09/02","","2007/04/13","美国","https://movie.douban.com/subject/11612338/"
"逃学威龙2 / 逃學威龍2","3","2023/09/02","","1992/04/09","中国香港","https://movie.douban.com/subject/1296201/"
"海绵宝宝 第三季 / SpongeBob SquarePants Season 3","5","2023/08/21","","2002/03/22","美国","https://movie.douban.com/subject/3215138/"
"海绵宝宝 第二季 / SpongeBob SquarePants Season 2","5","2023/08/19","","2001/02/17","美国","https://movie.douban.com/subject/11612336/"
"奥本海默 / Oppenheimer","3","2023/08/04","斯语字幕略干扰，有些地方超乎意料地令人讨厌。原子弹爆炸之后不错。@Kino Bežigrad","2023/07/21","美国","https://movie.douban.com/subject/35593344/"
"再见列宁 / Good Bye Lenin!","5","2023/07/28","看于波航飞机上，很喜欢","2003/02/09","柏林电影节","https://movie.douban.com/subject/1292055/"
"1984：麦金塔 / Apple Mac: 1984","4","2023/07/26","原来Futurama里面Fry和80s华尔街高管做出来的广告片是在致敬它","","","https://movie.douban.com/subject/26312003/"
"芭比 / Barbie","4","2023/07/24","出乎意料地好：荒诞美好的粉色芭比乌托邦与可悲的冷色调现实相撞，伴之以女性主义与父权制、产品设计与利润迷思。Sex Education半个主角团集体亮相很惊喜也略出戏。非常喜欢那个便便小狗（？）和女主的美貌😭

电影结束时，我还在回想女孩妈妈痛诉式的独白，后排的一位肥胖男士旁若无人地鼓了几下掌，牵着小鸟依人的女友阔步离场，好像也洋洋自得地以为自己了解女性境遇，借之完成了一场对其他男性的批判。@莱纳星影城","2023/07/09","洛杉矶首映","https://movie.douban.com/subject/4058939/"
"怪奇物语 第一季 / Stranger Things Season 1","3","2023/07/22","","2016/07/15","美国","https://movie.douban.com/subject/26359270/"
"伊尼舍林的报丧女妖 / The Banshees of Inisherin","4","2023/07/17","","2022/09/05","威尼斯电影节","https://movie.douban.com/subject/34969348/"
"匆匆那年","","2023/07/17","","2014/12/05","中国大陆","https://movie.douban.com/subject/25779218/"
"小时代","1","2023/07/15","","2013/06/27","中国大陆","https://movie.douban.com/subject/20376577/"
"飞越疯人院 / One Flew Over the Cuckoo's Nest","5","2023/07/12","","1975/11/19","美国","https://movie.douban.com/subject/1292224/"
"忠犬八公的故事 / Hachi: A Dog's Tale","","2023/06/26","","2009/06/13","西雅图电影节","https://movie.douban.com/subject/3011091/"
"记忆 / Memoria","4","2023/06/25","凝视，聆听，寻找沉闷的撞击声。声音构成记忆或梦境，构成图像与叙事。电影声效丰富而有细节，但我在影院也被迫听着闹钟声、不间断的喝奶茶吸管声和种种吵声。有趣的是，放映结束后的短视频里，导演回应“这部电影在表达什么”的问题时大意是“这部电影不表达什么，而是……（后面记不清了）”，但我在观影时却恰觉得电影这种形式本身是如此的有强制性，有时甚至觉得仿佛是在被迫地凝视电影图像。很喜欢电影里淅淅沥沥的雨声和雨林景观，在纷繁的白噪音中短暂睡着很多次，或许我的梦境也会和电影里的现实与超现实交织（其实我不记得了）。映后差到离谱，主持人水平堪忧，被浪费的几十分钟。@百丽宫（嘉里汇）(2 有用)","2021/07/15","戛纳电影节","https://movie.douban.com/subject/30137576/"
"甘草披萨 / Licorice Pizza","3","2023/06/23","呃","2021/11/26","美国点映","https://movie.douban.com/subject/34888057/"
"降临 / Arrival","4","2023/06/22","语言学的魅力","2016/09/01","威尼斯电影节","https://movie.douban.com/subject/21324900/"
"致命女人 第一季 / Why Women Kill Season 1","3","2023/06/21","（只）喜欢最后一集","2019/07/21","洛杉矶LGBT电影节","https://movie.douban.com/subject/30401122/"
"跟海豚说话的女孩 / The Girl Who Talked to Dolphins","3","2023/06/17","模仿声音这种事，进行一下声学分析或许会更好。其他事情不好评价，但人类总是自作多情。感觉当年很多这种实验都很……疯狂……","","","https://movie.douban.com/subject/25904365/"
"鲸 / The Whale","3","2023/06/13","人可以杀死自己，但不要折磨别人。别拿文学当欺骗自己的幌子。","2022/09/04","威尼斯电影节","https://movie.douban.com/subject/35312421/"
"小鬼当家3 / Home Alone 3","2","2023/06/12","","","","https://movie.douban.com/subject/1295340/"
"小鬼当家2 / Home Alone 2: Lost in New York","","2023/06/12","","1992/11/20","美国","https://movie.douban.com/subject/1293353/"
"头彩 / Jackpot","","2023/06/11","@shortverse pride month","","","https://movie.douban.com/subject/11600253/"
"我喜欢女孩 / J’aime Les Filles","4","2023/06/11","@shortverse","","","https://movie.douban.com/subject/27607290/"
"唐人街探案2","","2023/06/09","","2018/02/16","中国大陆","https://movie.douban.com/subject/26698897/"
"天空之城 / 天空の城ラピュタ","5","2023/06/08","很爱！以及宫崎骏动画真的好多飞行器，拉普达好像海拉鲁！ @大吉利(1 有用)","1986/08/02","日本","https://movie.douban.com/subject/1291583/"
"西游ABC / American Born Chinese","2","2023/06/03","集中二之大成🥶实在是太烂了……","2023/05/24","美国","https://movie.douban.com/subject/35618427/"
"了不起的麦瑟尔夫人 第一季 / The Marvelous Mrs. Maisel Season 1","2","2023/05/31","so boring…","2017/03/16","试播集","https://movie.douban.com/subject/26813221/"
"统计学之歌 / Lil Timmy Tim: Statistics (Ms. Lawton)","","2023/05/19","？(1 有用)","","","https://movie.douban.com/subject/30329181/"
"IN BETWEEN","3","2023/05/17","","2023/05/02","网络","https://movie.douban.com/subject/36406166/"
"晒后假日 / Aftersun","5","2023/05/14","“你只管睁大眼睛看有没有香蕉鱼。今天是抓香蕉鱼的好日子。”(1 有用)","2022/05/21","戛纳电影节","https://movie.douban.com/subject/35876302/"
"今夕何夕 / World of Tomorrow","5","2023/05/14","","2015/01/22","圣丹斯电影节","https://movie.douban.com/subject/26316563/"
"怒呛人生 第一季 / Beef Season 1","3","2023/05/13","看完第一集，太东亚导致有点不想接着看……中日韩人之间一般是怎么辨认国家的？（看完第二集决定弃）","2023/04/06","美国","https://movie.douban.com/subject/35413042/"
"艾德·希兰：成名之路 / Ed Sheeran: The Sum Of It All","4","2023/05/12","","2023/05/03","美国","https://movie.douban.com/subject/36320818/"
"地儿","4","2023/05/12","看到结尾，窗外恰好下起雨来。(1 有用)","2022/05/24","戛纳电影节","https://movie.douban.com/subject/35876868/"
"九色鹿","","2023/05/12","","","","https://movie.douban.com/subject/1428577/"
"纸人 / Paperman","3","2023/05/12","初中看过，寻常爱情故事","2012/11/02","美国","https://movie.douban.com/subject/10617158/"
"寻人启示","","2023/05/12","这很90s","","","https://movie.douban.com/subject/24849677/"
"哈利·波特与密室 / Harry Potter and the Chamber of Secrets","3","2023/05/11","","2002/11/15","英国","https://movie.douban.com/subject/1296996/"
"狂人皮埃罗 / Pierrot le fou","5","2023/05/06","“电影是战场，爱情、仇恨、动作、暴力、死亡，一个词概括，情感。”局外的荒诞人关于语言与生活之博弈的叙事游戏：当语言不再描述人们的生活，而试图讲述生活本身……是梦，是语言，还是死亡？色彩运用极具寓言性。喜欢到无以复加。
@2022-12-23","1965/08/29","威尼斯电影节","https://movie.douban.com/subject/1292533/"
"爱情公寓2","","2023/04/26","","2011/01/24","中国大陆","https://movie.douban.com/subject/4707205/"
"爱情公寓3","","2023/04/26","","2012/07/30","中国大陆","https://movie.douban.com/subject/6312211/"
"爱情公寓","","2023/04/26","","2009/08/05","中国大陆","https://movie.douban.com/subject/3926132/"
"爱情公寓4","","2023/04/26","","2014/01/17","中国大陆","https://movie.douban.com/subject/10793510/"
"葫芦兄弟","5","2023/04/23","","","","https://movie.douban.com/subject/1428576/"
"黑猫警长","5","2023/04/23","","","","https://movie.douban.com/subject/1860377/"
"葫芦小金刚","5","2023/04/23","","1989/11/10","中国大陆","https://movie.douban.com/subject/3069864/"
"阿凡提的故事","","2023/04/23","","","","https://movie.douban.com/subject/27097683/"
"西游记","5","2023/04/23","","1999/07/23","中国大陆","https://movie.douban.com/subject/2156775/"
"哪吒传奇","5","2023/04/23","","2003/06/01","中国大陆","https://movie.douban.com/subject/2156771/"
"蓝精灵 第一季 / Smurfs Season 1","5","2023/04/23","","1981/09/12","美国","https://movie.douban.com/subject/1807959/"
"辛普森一家 第二季 / The Simpsons Season 2","4","2023/04/19","今天一天什么也没干","","","https://movie.douban.com/subject/3882798/"
"平家物语：犬王 / 犬王","4","2023/04/09","三星半。不知道为什么，画面和音乐都让我有种“可以更好”的感觉，更不必说被三首曲子搅散的叙事。我仍然钟爱其中很妖鬼气、很深沉而源头不明的复仇感、物哀与牺牲美学，观影时一直在想种种很有趣的中日差异。摇滚的进入很突兀，画面乐器和音乐实际乐器差别太大令人感觉违和，高潮部分的画面更是有点重复。最后很意料之外情理之中地走向了一个“真相、记忆与正史”的审核问题，倒是令人浮想联翩。","2021/09/09","威尼斯电影节","https://movie.douban.com/subject/34430141/"
"辛普森一家  第一季 / The Simpsons Season 1","5","2023/04/07","","1989/12/17","美国","https://movie.douban.com/subject/1418197/"
"怪诞小镇 第一季 / Gravity Falls Season 1","","2023/04/04","现在来看有点一般","2012/06/16","美国","https://movie.douban.com/subject/6874354/"
"飞出个未来 第八季 / Futurama Season 8","5","2023/04/04","","2011/06/23","美国","https://movie.douban.com/subject/35762371/"
"飞出个未来 第九季 / Futurama Season 9","5","2023/04/04","","2012/06/20","美国","https://movie.douban.com/subject/35764175/"
"飞出个未来 第十季 / Futurama Season 10","5","2023/04/04","补(1 有用)","2013/06/19","美国","https://movie.douban.com/subject/35760559/"
"宇宙探索编辑部","5","2023/04/02","莫名想到“庸俗之现实，现实之诗学，诗学之政治”。麻雀翔集时，宇宙成为自身。(2 有用)","2021/10/17","平遥国际影展","https://movie.douban.com/subject/34941536/"
"猜火车 / Trainspotting","5","2023/03/25","学习了一些苏格兰口音哈哈","1996/02/23","英国","https://movie.douban.com/subject/1292528/"
"瑞克和莫蒂 第六季 / Rick and Morty Season 6","4","2023/03/23","小径分叉的R&M宇宙","2022/09/04","美国","https://movie.douban.com/subject/35597581/"
"去他*的世界 第二季 / The End of the F***ing World Season 2","","2023/03/16","","2019/11/04","英国","https://movie.douban.com/subject/27625457/"
"性爱自修室 第二季 / Sex Education Season 2","","2023/03/16","补标","2020/01/17","美国","https://movie.douban.com/subject/30438115/"
"拯救拉尔夫 / Save Ralph","","2023/02/24","","2021/04/06","美国","https://movie.douban.com/subject/35439984/"
"二十多岁 / Twenty Something","4","2023/02/24","","2021/09/10","美国","https://movie.douban.com/subject/35579682/"
"中国奇谭","4","2023/02/23","第一集很有趣，不过最动人的反而是网友的那张二创；第二集完美，我真的太喜欢！用素描做出默片（或京剧）+胶片+中式美术风格，又是这样一个诗意的志怪故事，聚散得失终归于尽。期待后几集！｜更新：后面良莠不齐，有几集差劲到不应该的地步。有种以为会是爱死机1结果却是2的感觉……但还是四星鼓励一下吧。","2023/01/01","中国大陆","https://movie.douban.com/subject/35674355/"
"养家之人 / The Breadwinner","4","2023/02/18","","2017/09/08","多伦多电影节","https://movie.douban.com/subject/26346327/"
"狂飙","","2023/02/10","零散看了一些片段","2023/01/14","中国大陆","https://movie.douban.com/subject/35465232/"
"兽性 / Bestia","","2023/02/09","","2021/06/14","法国","https://movie.douban.com/subject/35546131/"
"深海","4","2023/02/08","","2023/01/22","中国大陆","https://movie.douban.com/subject/26649682/"
"椒麻堂会","5","2023/02/01","","2021/08/13","洛迦诺国际电影节","https://movie.douban.com/subject/27305997/"
"命运 / Destino","4","2023/01/30","看傻。这很达利！","2003/06/02","安纳西国际动画","https://movie.douban.com/subject/1862284/"
"男孩、鼹鼠、狐狸和马 / The Boy, the Mole, the Fox and the Horse","4","2023/01/30","小王子式温情故事。在这样的故事里，总会有一只狐狸…","2022/12/24","英国","https://movie.douban.com/subject/36171814/"
"鸵鸟先知 / An Ostrich Told Me the World is Fake and I Think I ...","5","2023/01/30","很有意思，透过定格动画的制作看定格动画。动画人物对自身所处世界真实性的质疑和跳脱亦是打破第四面墙的一种形式。人物的质疑与“手”所象征的力量不仅形成对抗性的关系，甚至真正促使周围环境形成了极小的变化，不过就连这些微小的变化也会顺便被当作广告……所以在意义之思以外，要脱离控制先从辞职开始hhh","2022/06/07","Animafest Zagreb","https://movie.douban.com/subject/35881409/"
"塑料之美 / The Beauty","4","2023/01/29","","2020/09/11","German Film Festival","https://movie.douban.com/subject/34868160/"
"勿忘我 / Mémorable","5","2023/01/29","","2019/10/18","中国大陆","https://movie.douban.com/subject/34813643/"
"那年那兔那些事 第一季","1","2023/01/28","民族主义+简单化、萌化政治+zzzq，由于太“简单”太“宣扬”而导致各种离谱后果。不再赘述，大为震撼。 @2022-06-09 13:42:01(10 有用)","2015/03/04","中国大陆","https://movie.douban.com/subject/26328492/"
"暗芝居 第二季 / 闇芝居 第2期","3","2023/01/28","童年阴影，初中的时候看了晚上睡不着觉… @2022-06-19 01:02:32","2014/07/06","日本","https://movie.douban.com/subject/25823118/"
"小黄人大眼萌：神偷奶爸前传 / Minions: The Rise of Gru","4","2023/01/28","够萌够有趣，中国元素很惊喜 @2022-08-06 11:09:48","2022/06/13","安锡国际动画节","https://movie.douban.com/subject/26642033/"
"火车进站 / L'arrivée d'un train à La Ciotat","5","2023/01/28","@2022-10-19 16:45:49","1896/01/25","法国","https://movie.douban.com/subject/1867742/"
"工厂大门 / La sortie de l'usine Lumière à Lyon","5","2023/01/28","@2022-10-19 16:46:10","1895/03/22","法国","https://movie.douban.com/subject/1401761/"
"心灵捕手 / Good Will Hunting","","2023/01/28","@2022-11-13 12:46:38","1997/12/05","美国","https://movie.douban.com/subject/1292656/"
"幸福终点站 / The Terminal","","2023/01/28","@2022-11-14 15:41:18","2004/06/18","美国","https://movie.douban.com/subject/1292274/"
"飞翔的水手 / The Flying Sailor","4","2023/01/27","？！居然是改自真实事件……","2022/06/13","安纳西国际动画节","https://movie.douban.com/subject/35930170/"
"我破处的那一年 / My Year of Dicks","3","2023/01/27","用变换画风来展示内心历程，女性视角的性探索。这一类我感觉实在是看得有点多了，没什么新意。","2022/03/13","西南偏南电影节","https://movie.douban.com/subject/35765572/"
"黑洞滑水道 / Black Slide","5","2023/01/27","滑出狭长幽黑的水道，像再一次从母亲的产道中挣出。出生在某种意义上和死亡很像：在黑暗中漫长地等待，直到那个决定性的瞬间。(1 有用)","","","https://movie.douban.com/subject/35573844/"
"上岸 / Haulout","4","2023/01/27","","2022/02/11","柏林电影节","https://movie.douban.com/subject/35737569/"
"满江红","3","2023/01/24","整体好评，缺点也有。戏曲风格的鼓点转场格外有趣，和表演式的杀与死一起用戏谑的形式缓解了剑拔弩张生死一线的悬疑气氛。喜剧效果也还可以，可以傻乐好几回。主题很安全，也终于不是让人审美疲劳的近现代背景主旋律了。情感戏和最后大煽情莫名有点尬，而且孙均的反复犹疑本可以做的更有深度，而不是只用于贡献无数个反转。

（看罢电影我爸锐评：除了请大牌演员以外这部电影耗资应该不会很高吧！(1 有用)","2023/01/22","中国大陆","https://movie.douban.com/subject/35766491/"
"冰块商人 / Ice Merchants","5","2023/01/13","","2022/05/24","戛纳电影节","https://movie.douban.com/subject/35876312/"
"天书奇谭","5","2023/01/12","看的是修复版本。今日看来剧情稍显寻常了，不过美术、设计、音乐、配音都水平一流，京剧脸谱一样的设计和鼓点很有特色，阿拐傻得有些可爱。片末访谈说的“奇、趣、美”与民族风格，本片都当之无愧地做到了。(1 有用)","","","https://movie.douban.com/subject/1428581/"
"我失去了身体 / J'ai perdu mon corps","4","2023/01/08","","2019/05/17","戛纳电影节","https://movie.douban.com/subject/33415943/"
"制作音效：电影声音的艺术 / Making Waves: The Art of Cinematic ...","4","2023/01/06","配合影史经典影片（很学院）从默片、现场配音、摄影现场录音，到一系列配音技术进步（从胶片剪辑到电脑技术），再到voice &sound effects &music的细分介绍与混音。提醒了我在观影时总会忽略的声音制作环节：声音被用来讲画面没有告诉你的东西。声音反映空间的规模。声音推动故事前进。

以及，能够这样在工作中做自己热爱的事情实在是太酷了！","2019/04/29","翠贝卡电影节","https://movie.douban.com/subject/26811437/"
"安妮·霍尔 / Annie Hall","4","2023/01/04","","","","https://movie.douban.com/subject/1296987/"
"山神","3","2023/01/02","低成本短篇，不算新颖且有点装。","2022/07/29","first影展产业放映","https://movie.douban.com/subject/36021621/"
"无穷尽 / Xulanewe","4","2023/01/02","脑洞很有趣的动画短篇～","","","https://movie.douban.com/subject/36053165/"
"飞出个未来 第七季 / Futurama Season 7","5","2022/12/31","感谢你带我认识最疯狂的宇宙，仍恋你给我最快乐的神游。跨越时光的维度，永远爱你。永远爱你。 @2022-11-12 02:53:59","2010/06/24","美国","https://movie.douban.com/subject/10461286/"
"疯狂动物城+ / Zootopia+","4","2022/12/31","全员可爱(*≧ω≦) 就是有点短55 @2022-11-11 00:55:07","2022/11/09","美国网络","https://movie.douban.com/subject/35284242/"
"海绵宝宝 第一季 / SpongeBob SquarePants Season 1","5","2022/12/31","@2022-11-10 01:15:32","1999/05/01","美国","https://movie.douban.com/subject/1456579/"
"飞出个未来 第六季 / Futurama Season 6","5","2022/12/31","穿越无穷的宇宙来爱你——一切爆炸又重生，而我只是要赶上和你的一次约会。｜ 越来越温情而自由的一季——发现它和R&M以及其他科幻动画美剧差不多，前期脑洞后期情感+深刻+奔放（日漫戏仿）。刚刚点开第七季一瞬间有点不舍，真是看一季少一季了…… @2022-11-07 22:21:28","2008/03/23","美国","https://movie.douban.com/subject/4742979/"
"飞出个未来 第五季 / Futurama Season 5","5","2022/12/31","很爱电影1，其他三个当然也一如既往地高水平！！！ @2022-11-02 00:30:43","2002/11/10","美国","https://movie.douban.com/subject/4723646/"
"飞出个未来 第三季 / Futurama Season 3","5","2022/12/31","他们好喜欢《2001太空漫游》 @2022-10-27 13:11:59(1 有用)","2000/11/05","美国","https://movie.douban.com/subject/4236892/"
"飞出个未来 第四季 / Futurama Season 4","5","2022/12/31","我最喜欢的一季，里面有几集可以说是迄今为止看过最好的动画。 @2022-10-27 13:11:25(1 有用)","","","https://movie.douban.com/subject/4238897/"
"飞出个未来  第二季 / Futurama Season 2","5","2022/12/31","梗真的好多哈哈哈！ @2022-10-20 00:04:15(1 有用)","","","https://movie.douban.com/subject/4236893/"
"飞出个未来 第一季 / Futurama Season 1","4","2022/12/31","30世纪比20世纪好玩太多，狂乱的风格和R&M差不多！ @2022-10-18 23:12:46(1 有用)","1999/03/28","美国","https://movie.douban.com/subject/1444534/"
"风骚律师 第一季 / Better Call Saul Season 1","5","2022/12/31","@2022-09-10 10:05:58","2015/02/08","美国","https://movie.douban.com/subject/25726259/"
"风骚律师 第二季 / Better Call Saul Season 2","5","2022/12/31","@2022-09-18 13:11:31","2016/02/15","美国","https://movie.douban.com/subject/25976733/"
"瑞克和莫蒂之精致死尸 / Rick and Morty Exquisite Corpse","5","2022/12/31","嗑点 @2022-09-05 20:17:51","2017/07/16","美国","https://movie.douban.com/subject/27101676/"
"茶杯头大冒险 第一季 / The Cuphead Show! Season 1","3","2022/12/31","retro风格动画片，处处充斥经典影子但各方面都比不了当年那些。有点像是游戏宣传片，但是游戏玩家表示原作的画面音效都比动画好很多，而且回合制过关的玩法才真正实现了复古的体验… @2022-09-04 19:21:56","2022/02/18","美国","https://movie.douban.com/subject/34461021/"
"哈利·波特20周年：回到霍格沃茨 / Harry Potter 20th Anniversary...","3","2022/12/31","其实没有什么新的，而且有点过于煽情，但是看见他们重聚还是会感动。最后一幕再次泪目。 @2022-08-16 23:03:06","2022/01/01","美国网络","https://movie.douban.com/subject/35663020/"
"驯龙高手3 / How to Train Your Dragon: The Hidden World","4","2022/12/31","比2好点 @2022-08-09 19:38:08","2019/01/03","澳大利亚","https://movie.douban.com/subject/19899707/"
"驯龙高手2 / How to Train Your Dragon 2","2","2022/12/31","太多不合逻辑。需要卖萌吸引观众，于是龙被驯服变成宠物——仅就此设定而言我甚至更喜欢R&M里的slut dragon @2022-08-09 12:24:46","2014/05/16","戛纳电影节","https://movie.douban.com/subject/4824512/"
"脆莓公园 第一季 / Brickleberry Season 1","3","2022/12/31","刚吃完的午饭都吐出来了，谢谢你脆莓公园 @2022-08-04 12:47:05","","","https://movie.douban.com/subject/6874283/"
"疯狂的赛车","4","2022/12/31","环环相扣，惊喜好片 @2022-07-06 23:41:43","2009/01/20","中国大陆","https://movie.douban.com/subject/2124703/"
"环太平洋 / Pacific Rim","","2022/12/31","补标，猛然想起来自己看过系列 @2022-06-17 12:56:23","2013/07/12","美国","https://movie.douban.com/subject/5323968/"
"厨子戏子痞子","","2022/12/31","补标，现在都还记得结尾的朴树版《送别》。 @2022-06-14 13:34:08","2013/03/29","中国大陆","https://movie.douban.com/subject/6011806/"
"从你的全世界路过","2","2022/12/31","很差。不过2017年我也去了稻城亚丁，还是很美的，远远可以望见央迈勇雪山。 @2022-06-13 16:30:41","2016/09/29","中国大陆","https://movie.douban.com/subject/26280528/"
"煎饼侠","1","2022/12/31","呃，补标 @2022-06-13 16:20:40","2015/07/17","中国大陆","https://movie.douban.com/subject/25895276/"
"暗芝居 第一季 / 闇芝居 第1期","4","2022/12/31","童年阴影系列 @2022-06-19 01:01:21","2013/07/14","日本","https://movie.douban.com/subject/24845107/"
"2001太空漫游 / 2001: A Space Odyssey","5","2022/12/31","我：绝望的文盲(2 有用)","1968/04/02","华盛顿首映","https://movie.douban.com/subject/1292226/"
"特写 / کلوزآپ","5","2022/12/30","虚构与真实","1990/02/01","伊朗曙光旬电影节","https://movie.douban.com/subject/1303521/"
"火山挚恋 / Fire of Love","5","2022/12/30","大地燃烧、融化、流动，他们穷极一生，记录地球的心跳与血流。“A fool is someone who has lost everything but his reason.”我面对屏幕，在最伟大、磅礴、美丽而危险的自然景观与最好的爱情面前失语。 @2022-11-23 20:05:13","2022/01/20","圣丹斯电影节","https://movie.douban.com/subject/35694766/"
"禅：古古和煤球精 / Zen - Grogu and Dust Bunnies","","2022/12/30","@2022-11-21 02:46:04","2022/11/12","美国网络","https://movie.douban.com/subject/36154308/"
"去他*的世界 第一季 / The End of the F***ing World Season 1","4","2022/12/30","配乐很可，色调很可。但感觉最本质的东西是空的，这也是我对诸多以表达现代人mental crisis为中心的剧集/书籍无感的原因。 @2022-11-13 01:13:33","2017/10/24","英国","https://movie.douban.com/subject/27031389/"
"火车大劫案 / The Great Train Robbery","","2022/12/30","喜欢那一枪 @2022-10-20 00:07:39","","","https://movie.douban.com/subject/1299875/"
"水浇园丁 / L'arroseur arrosé","5","2022/12/30","@2022-10-19 16:46:41","1895/12/28","法国","https://movie.douban.com/subject/1867744/"
"月球旅行记 / Le voyage dans la lune","5","2022/12/30","在北京某展馆看过，当时还不知道这个邪典片子竟是最早科幻片… @2022-10-19 10:37:51","1902/09/01","法国","https://movie.douban.com/subject/1304310/"
"一场很（没）有必要的春晚","3","2022/12/30","笑得我满地乱爬 @2022-10-12 15:48:29","2022/01/28","中国大陆","https://movie.douban.com/subject/35765172/"
"公民凯恩 / Citizen Kane","4","2022/12/30","除了作为教科书之外，其中洋溢着太典型的美国精神。 @2022-10-05 20:54:32(1 有用)","1941/09/05","美国","https://movie.douban.com/subject/1292288/"
"借刀杀人 / Collateral","4","2022/12/30","@2022-10-05 10:21:44","2004/08/06","美国","https://movie.douban.com/subject/1308762/"
"搏击俱乐部 / Fight Club","5","2022/12/30","Loooove it. @2022-09-30 00:39:16","1999/09/10","威尼斯电影节","https://movie.douban.com/subject/1292000/"
"老爸老妈的浪漫史 第一季 / How I Met Your Mother Season 1","3","2022/12/30","感觉一般 @2022-09-22 12:47:42","2005/09/19","美国","https://movie.douban.com/subject/1427818/"
"掮客 / 브로커","2","2022/12/30","看完只想说好难看，IU有点像一个只负责提供美貌的工具人，奇怪的台词也令人尴尬症发作…是枝裕和继续试图用温情目光注视“边缘人”，但反而掩盖了本应更严肃讨论的社会议题，最后也必然要因逻辑无法自洽落到那口自我感动而疲软乏力的大鸡汤锅里。 @2022-08-16 18:19:43","2022/05/26","戛纳电影节","https://movie.douban.com/subject/35192111/"
"光阴的故事 / 光陰的故事","3","2022/12/30","很青涩，看完无感。 @2022-08-10 21:59:48","","","https://movie.douban.com/subject/1308146/"
"光年正传 / Lightyear","3","2022/12/30","To infinity, and beyond. ｜正常发挥，比不了玩具总动员系列但也并没有很差。 @2022-08-05 19:01:44","2022/06/15","意大利","https://movie.douban.com/subject/35284168/"
"独行月球","1","2022/12/30","烂是真的烂。又煽情又鸡汤又*试图*搞笑，最后炖出一锅咽不下去也笑不出来的大锅饭。作为有基本物理常识和生活常识的人觉得实在是槽多无口，CG也有点太假。小品如果不能搬上银幕没必要硬搬，如果是剧场版效果应该会好一点……此外，大喊大叫踢和扒着晃别人座位小孩旁边那些不加管教的家长可以**吗？ @2022-08-04 21:56:41","2022/07/29","中国大陆","https://movie.douban.com/subject/35183042/"
"秘密金鱼","4","2022/12/30","蛮有意思 @2022-08-04 11:30:28","2016/10/04","中国大陆","https://movie.douban.com/subject/26857639/"
"追风 / The Wind","","2022/12/30","再见杨德昌 @2022-08-04 10:46:14","","","https://movie.douban.com/subject/3281175/"
"咒","3","2022/12/30","真的够阴间。形式很巧妙（终于明白为什么说晦气），但各种镜头机位切换让人觉得有点太假。“吓人”的方式也没有很新，但我确实是被吓到了…… @2022-07-19 11:58:27","2022/03/18","中国台湾","https://movie.douban.com/subject/34850561/"
"喜宴 / 囍宴","4","2022/12/30","各种文化隐喻东亚家庭伦理不必再说，明快的喜剧风格很亮点，台词有点灾难。五千年性压抑的结果那段闹剧看了引起极大生理不适。以及高伯伯才是最牛的，很妙！ @2022-07-14 17:11:41","","","https://movie.douban.com/subject/1303037/"
"皆为爱 / The Windshield Wiper","3","2022/12/30","what is LOVE？
爱就像挡风玻璃雨刮器划过后的水痕，每一次都不同。爱是摧毁性的爆炸。爱是一次又一次的错过。爱是渴望导致的绝望。爱是一起老去、面对死亡…
Love is a secret society. “…Down the road you realize you weren’t really in love… ” @2022-07-08 17:56:08","","","https://movie.douban.com/subject/33218436/"
"密室逃生 / Escape Room","3","2022/12/30","跟着爸妈闲得没事在电视上看的爆米花电影，惊险刺激得很“标准”，细节漏洞无伤大雅，黑人小哥身材不错。其他没啥可说的了（很讨厌某些频道里面糟糕的中文配音，什么时候能换成英文+中英字幕！）…… @2022-07-05 00:14:00","2019/01/04","美国","https://movie.douban.com/subject/27109679/"
"爱，死亡和机器人 第二季 / Love, Death & Robots Season 2","3","2022/12/30","除了CG不错以外其他都一般，有点令人审美疲劳。《溺水的巨人》的创意让我想起鲁迅的《补天》和马尔克斯的《世上最美的溺水者》，但是故事有点没讲起来。整季相比精彩纷呈的第一季都节奏放缓，像是打算深挖又没挖出来什么东西，还不如单纯搞点怪奇。 @2022-07-04 19:40:46","2021/05/14","美国","https://movie.douban.com/subject/34418203/"
"爱，死亡和机器人 第一季 / Love, Death & Robots Season 1","4","2022/12/30","良莠不齐，大多数相当精彩（但是过分注重“精彩”了），如果连着看会很上头！ @2022-07-04 17:17:58","2019/03/15","美国","https://movie.douban.com/subject/30424374/"
"百花深处","5","2022/12/30","百花深处，铃声远去…… @2022-07-03 15:33:46(1 有用)","2002/05/18","戛纳电影节","https://movie.douban.com/subject/30210248/"
"红气球 / Le ballon rouge","5","2022/12/30","鲜活、调皮、美好。 @2022-07-03 22:47:53","","","https://movie.douban.com/subject/1326038/"
"当我望向你的时候 / Will You Look At Me","5","2022/12/30","有关“看”与个体身份认同的诗学：观众与拍摄者通过超8mm摄影机看琐碎的生活与时代一角，以及拍摄者年轻的影子；不去看也不能看的母亲，仿佛是游离在秘密以外的父亲，作为“人”来渴望目光的儿子；无处不在的社会与传统观念之眼，流动与迁徙中的个体，无处可寻之根，没有名字的情感；游动，溯洄，对话，痛哭。

当你回望我的时候，我们将成为彼此。 @2022-06-18","2022/05/23","戛纳电影节","https://movie.douban.com/subject/35875052/"
"大象席地而坐","3","2022/12/30","世界是一片荒原。 @2022-06-13 15:21:23","2018/02/16","柏林电影节","https://movie.douban.com/subject/27172891/"
"方舟","","2022/12/29","切肤之痛，不忍看，不能看。 @2022-08-13 00:13:59","","","https://movie.douban.com/subject/35229642/"
"他们在岛屿写作：化城再来人 / 他們在島嶼寫作：化城再來人","4","2022/12/29","@2022-10-02 22:04:58","2011/04/09","中国台湾","https://movie.douban.com/subject/5969389/"
"小武","5","2022/12/28","倔强的尊严和动人的真实感。 @2022-07-16 15:31:34(1 有用)","1998/02/18","柏林电影节","https://movie.douban.com/subject/1291851/"
"分手的决心 / 헤어질 결심","5","2022/12/28","在山与海与雾之间、在罪愆与纠缠之间、在回合轮转、潜伏与回望之间纯洁到意外但不可诉说的柏拉图之爱。“你的爱结束的瞬间，我的爱就开始了。”纷乱揪心的一切，都只能淹没进更深、更深的大海里，不被任何人找到，成为你永远的悬而未决。 @2022-08-12 18:56:41","2022/05/23","戛纳电影节","https://movie.douban.com/subject/35073886/"
"低俗小说 / Pulp Fiction","5","2022/12/28","喜欢 @2022-07-26 22:54:59","1994/05/12","戛纳电影节","https://movie.douban.com/subject/1291832/"
"中国 / Chung Kuo - Cina","5","2022/12/28","用西方目光看半个世纪前的中国人，看中国，看自己。面向镜头的是好奇的、怀疑的、躲闪羞怯的目光。看在人流中发呆的人。朴素色调的城市与乡村。看鲜艳的红色。看僵硬但轩昂的一场木偶戏和现在看来依然厉害的杂技。
直到看完这部片子才发现：不论看了多少史料记录，我对那段历史都还是极其缺乏想象力；而通过影片回看，我却觉得仿佛在窥视自己的隐私。 @2022-07-07 16:51:33","1972/12/26","美国","https://movie.douban.com/subject/1292327/"
"驾驶我的车 / ドライブ・マイ・カー","4","2022/12/27","忙里偷闲，分好几次才看完。淡色的日式风格风景和红色萨福车的色彩搭配很美，喜欢在垃圾场和在车里抽烟伸出手的场景。影像之外，是不同舞台中一次次的戏中戏（文本与自我）、与《万尼亚舅舅》的互文、不断被强调在场的各种形式的语言，结构很精巧也很匠气，完全是用文学的方式在结构电影。我被文本本身具有的魅力吸引，但也觉得这种呈现方式并不如直接阅读相关作品，而且尽管是要强调“文字”，这台词密度还是大到有点没必要了。对村上无感。 @2022-08-21 15:24:53(1 有用)","2021/07/11","戛纳电影节","https://movie.douban.com/subject/35235502/"
"驯龙高手 / How to Train Your Dragon","4","2022/12/23","(*≧ω≦) @2022-08-07 19:32:13","2010/03/18","俄罗斯","https://movie.douban.com/subject/2353023/"
"偷自行车的人 / Ladri di biciclette","5","2022/12/23","崩塌是漫长的一瞬。 @2022-11-10 01:12:29","1948/11/24","意大利","https://movie.douban.com/subject/1295873/"
"桃色公寓 / The Apartment","5","2022/12/23","@2022-10-27 13:10:16","","","https://movie.douban.com/subject/1394218/"
"爱，死亡和机器人 第三季 / Love, Death & Robots Season 3","4","2022/12/23","E1三个机器人续集蛮可爱的（貂尾续貂），E7基本也是个续集；
E2全程让我联想到《奥伯拉·丁的回归》，有气氛有反转，CG精美，制作水平相当🉑️；
E3美、辽阔而温柔，星球成为机器，死亡变成诗章——向生而死比向死而生更美；
E4移轴镜头微缩模型风格，稀里哗啦的人与一个可爱的屁；
E5、E8能不能别再美国大兵了……还有就是少点虫子吧；
E9各方面都绝对精彩，留足阐释的空间，全季最佳。五星给2349，其他三星半。 @2022-07-08 17:05:51","2022/05/20","美国","https://movie.douban.com/subject/35436582/"
"兔爷回家","","2022/12/23","不知道，抱歉,;对不起","2022/12/22","中国大陆","https://movie.douban.com/subject/36193103/"
"十二生肖","","2022/12/23","","2012/12/12","中国香港电影节","https://movie.douban.com/subject/4212172/"
"宝莲灯","","2022/12/23","","1999/07/30","中国大陆","https://movie.douban.com/subject/1299643/"
"成长的烦恼 第一季 / Growing Pains Season 1","","2022/12/23","童年回忆","1985/09/24","美国","https://movie.douban.com/subject/1417946/"
"2022年卡塔尔世界杯 / 2022 FIFA World Cup","5","2022/12/19","","2022/11/20","卡塔尔","https://movie.douban.com/subject/35580096/"
"恐怖分子 / 恐怖份子","4","2022/12/18","沉静的镜头，跳跃的叙事。总觉得很多地方和《牯岭街》很像，但多了很多成年人的无力感和压抑。","1986/12/19","中国台湾","https://movie.douban.com/subject/1305261/"
"一一","5","2022/12/18","生死爱恨，其实所有人都是一样，重头来过也没有什么意义。看得到的生活，看不到的生活——生活本身就是诗，生活又仅仅是生活。 @2022-07-09 23:10:40","2000/05/14","戛纳电影节","https://movie.douban.com/subject/1292434/"
"牯岭街少年杀人事件 / 牯嶺街少年殺人事件","5","2022/12/18","完美的。 @2022-10-11 23:44:39","1991/07/27","中国台湾","https://movie.douban.com/subject/1292329/"
"造梦之家 / The Fabelmans","3","2022/12/16","写给电影的情书喜加一，看得我也想买8mm😭Sammy爸妈的情感问题其实是思维方式的问题（而对于art&science，我不喜欢这种二分的观点），Jesus那块看得我沉默……(1 有用)","2022/09/10","多伦多电影节","https://movie.douban.com/subject/35390098/"
"健听女孩 / CODA","","2022/12/16","","2021/01/29","圣丹斯电影节","https://movie.douban.com/subject/35048413/"
"风声","","2022/12/13","","2009/09/29","中国大陆","https://movie.douban.com/subject/3734112/"
"百万英镑 / The Million Pound Note","","2022/12/06","高中英语课系列","1954/01/07","英国","https://movie.douban.com/subject/1304374/"
"每分钟120击 / 120 battements par minute","5","2022/06/02","辩论，抗争，爱欲，疾病，死亡。压迫地急促地残忍地愤怒地个体与集体穿插叙事，最后归为黑暗中破碎的剪影。沉默就是灭亡——这个国家需要知道我们的愤怒，塞纳河将被鲜血染红，而死后我的骨灰将被扬洒于你们的盛筵。(2 有用)","2017/05/20","戛纳电影节","https://movie.douban.com/subject/26746559/"
"罗密欧与朱丽叶 / Romeo + Juliet","4","2022/06/02","语文课大家一起看的。小李子真正是盛世美颜啊🤤…(1 有用)","1996/11/01","美国","https://movie.douban.com/subject/1306154/"
"纳尼亚传奇1：狮子、女巫和魔衣橱 / The Chronicles of Narnia: Th...","4","2022/06/01","补标 #我的童年幻想#","2005/12/09","美国","https://movie.douban.com/subject/1309052/"
"快乐的大脚 / Happy Feet","","2022/05/30","童年回忆…","2006/11/17","美国","https://movie.douban.com/subject/1760027/"
"马达加斯加 / Madagascar","","2022/05/30","童年回忆","2005/05/27","美国","https://movie.douban.com/subject/1309201/"
"魔鬼鱼 / Raie Manta","4","2022/05/28","压抑与暴动的巴黎，彻夜燃烧的城市，魔鬼鱼。喜欢结尾——“正如一切他处，人们/纵身跃入水中/为了能够再次呼吸”。(1 有用)","2022/05/24","戛纳电影节","https://movie.douban.com/subject/35876322/"
"1996年7月 / Juillet 96","3","2022/05/28","严肃表情小女孩的成长之夏","2020/10/03","俄罗斯","https://movie.douban.com/subject/35709919/"
"捉妖记","3","2022/05/25","胡巴～","2015/07/16","中国大陆","https://movie.douban.com/subject/25723907/"
"瞬息全宇宙 / Everything Everywhere All at Once","3","2022/05/22","存在主义+弑父娶母式西方焦虑居然回落到东方特色的以柔克刚内核，感觉功力不够的话建议还是搞成两块石头的开放式哲思。脑洞够乱够杂烩， 宇宙勾连全靠怪诞和随机只体现创造力有限，同样到了后期就乏力。东亚家庭困局不够典（幸好早被说烂了已经自带前理解），口音好怪，女同线又寻常又觉得其实很亮点……无论如何母女部分还是很戳我——血浓于水的人出于爱的撕扯最痛，但即使再痛即使有任何其他可能性，我最后还是要选择你。(1 有用)","2022/03/11","西南偏南电影节","https://movie.douban.com/subject/30314848/"
"火锅英雄","3","2022/05/22","补标","2016/04/01","中国大陆","https://movie.douban.com/subject/25662327/"
"妖猫传","","2022/05/22","补标","2017/12/22","中国大陆","https://movie.douban.com/subject/5350027/"
"人生切割术 第一季 / Severance Season 1","5","2022/05/21","太震撼了，太牛了，第八第九集我紧张到停止呼吸。别的话都说不出来了快让我看第二季！！！！！(1 有用)","2022/02/18","美国","https://movie.douban.com/subject/34885342/"
"它在身后 / It Follows","3","2022/05/21","初中的时候当恐怖片看的，吓死我了（最后发现是防艾教育片？！）……","2014/05/17","戛纳电影节","https://movie.douban.com/subject/25870483/"
"银河补习班","2","2022/05/15","补标一下（我居然还是去电影院看的）。这种摆烂片的意义大概在于让人愉快吐槽🤑","2019/07/13","大规模点映","https://movie.douban.com/subject/30282387/"
"半个喜剧","3","2022/05/15","补标。过于小品了。","2019/12/20","中国大陆","https://movie.douban.com/subject/30269016/"
"啊，朋友再见","4","2022/05/15","一个有趣的人，剩下的碎片也丰富。念诗，语速渐渐错乱，所有念诗人的声音、语调拼在一起，都在拼凑一个人，此人只可想其声而不可再见。可惜这片子太多关于胡须冬周围的人，因此难免又要有那种情绪化的造作的浪漫痛苦和理想化乃至殿堂化的追忆，倒也是一种人死后的真实（或虚假）。什么碎片都捡起来了，剪辑和声道都漂亮，偏偏把人漏了。最后撕扯的声音与真实的影像和前面一切形成对比，我愿视之为一种讽刺。(2 有用)","2022/05/06","中国大陆网络","https://movie.douban.com/subject/35891699/"
"在上海","5","2022/05/15","很喜欢。摇晃的私密的侵犯性质的镜头、关于摄影的摄影，以及一些有趣的叙事。","","","https://movie.douban.com/subject/4248231/"
"风中有朵雨做的云","4","2022/05/04","摇晃、破碎，影像极美。叙事先不论，事件本身总令我觉得逻辑有点奇怪…题材很像《血观音》，都说不上喜欢，《血》更聚焦于扭曲的人性，《风雨云》中的“人”则几乎都只服务于影像。囿于观影环境，画面暗处很难看清，体感略差。(1 有用)","2018/11/09","台北金马影展","https://movie.douban.com/subject/26728669/"
"夺冠","3","2022/05/04","","2020/09/25","中国大陆","https://movie.douban.com/subject/30128916/"
"私人订制","2","2022/05/04","补标","2013/12/19","中国大陆","https://movie.douban.com/subject/10605978/"
"唐山大地震","","2022/05/04","补标","2010/07/22","中国大陆","https://movie.douban.com/subject/3596502/"
"小别离","3","2022/05/04","好像是初中的时候写作业之余断断续续跟着我妈看的……","2016/08/15","中国大陆","https://movie.douban.com/subject/26322639/"
"洛丽塔 / Lolita","3","2022/05/01","太沉闷了，太客观了，对我这种痴迷原著的人来说无疑是…不合胃口的。开头一只脚就已经是无限情欲，但（对比之下）这一版男主真的太神经质乃至于猥琐，全片毫无情欲感（客观来讲和97版应该是各有千秋？）。","1962/06/13","纽约首映","https://movie.douban.com/subject/1296992/"
"破产姐妹 第一季 / 2 Broke Girls Season 1","3","2022/04/30","看到一半实在无法忍受，弃剧。一味毒舌和攒钱版美国梦和离谱无趣的贫富思维对比都让我感到无聊（而且我有点讨厌Caroline这种人…）；Max的胸对我也毫无吸引力。","2011/09/19","美国","https://movie.douban.com/subject/6395245/"
"破碎太阳之心","3","2022/04/23","我对潮湿环境意象与破碎叙事有不知道从何而来的喜爱，但总觉得这片有点匠气，因此不那么喜欢（要无厘头就请彻头彻尾！）。还有就是剧情太俗了…其他不懂，不予评论。","2022/04/07","中国大陆网络","https://movie.douban.com/subject/35788143/"
"四百击 / Les quatre cents coups","5","2022/04/23","压抑苦闷、不被理解、敏感又肆意妄为的少年在长镜头中奔跑：一直跑，跑过鸽群，跑向大海…而到达大海后，又将如何？(1 有用)","1959/05/04","戛纳电影节","https://movie.douban.com/subject/1300056/"
"亢奋 第一季 / Euphoria Season 1","4","2022/04/21","摄影配乐剪辑都一流，大篇幅体现嗑药做爱下现代人的spiritual crisis与其他热议话题，叙事方式也很有意思，整体超级丝滑。不是我最爱的类型但是看了真的上瘾……","2019/06/16","美国","https://movie.douban.com/subject/30181462/"
"精疲力尽 / À bout de souffle","5","2022/04/17","著名的跳切，侦探与爱情双线叙事，兼问痛苦与虚无之哲学问题。很喜欢这个结尾。以及女主好美！","1960/03/16","法国","https://movie.douban.com/subject/1353745/"
"查理和巧克力工厂 / Charlie and the Chocolate Factory","4","2022/04/17","童年经典 高中时期再看还是很喜欢","2005/07/15","美国","https://movie.douban.com/subject/1309101/"
"血观音 / 血觀音","3","2022/04/17","机关算尽太聪明","2017/10/15","釜山电影节","https://movie.douban.com/subject/27113517/"
"钢琴家 / The Pianist","5","2022/04/14","刚发现我原来是看过的。","2002/05/24","戛纳电影节","https://movie.douban.com/subject/1296736/"
"红色娘子军","","2022/04/12","","1971/09/16","中国大陆","https://movie.douban.com/subject/1996651/"
"桥 / Мост","5","2022/04/12","“啊朋友再见”","1969/07/14","南斯拉夫","https://movie.douban.com/subject/1305697/"
"回到未来3 / Back to the Future Part III","4","2022/04/11","科幻喜剧片撞上西部牛仔梦","1990/05/25","美国","https://movie.douban.com/subject/1296666/"
"生活大爆炸  第三季 / The Big Bang Theory Season 3","4","2022/04/11","下饭必备，补标记","2009/09/21","美国","https://movie.douban.com/subject/3990470/"
"生活大爆炸  第四季 / The Big Bang Theory Season 4","","2022/04/11","","2010/09/23","美国","https://movie.douban.com/subject/4804079/"
"生活大爆炸  第五季 / The Big Bang Theory Season 5","","2022/04/11","","2011/09/22","美国","https://movie.douban.com/subject/6557005/"
"生活大爆炸 第六季 / The Big Bang Theory Season 6","","2022/04/11","","2012/09/27","美国","https://movie.douban.com/subject/10561953/"
"生活大爆炸 第七季 / The Big Bang Theory Season 7","","2022/04/11","","2013/09/27","美国","https://movie.douban.com/subject/21339708/"
"生活大爆炸 第八季 / The Big Bang Theory Season 8","","2022/04/11","","2014/09/22","美国","https://movie.douban.com/subject/25845393/"
"生活大爆炸 第九季 / The Big Bang Theory Season 9","","2022/04/11","","2015/09/21","美国","https://movie.douban.com/subject/25845400/"
"生活大爆炸 第十季 / The Big Bang Theory Season 10","","2022/04/11","","2016/09/19","美国","https://movie.douban.com/subject/25845401/"
"生活大爆炸 第十二季 / The Big Bang Theory Season 12","","2022/04/11","","2018/09/24","美国","https://movie.douban.com/subject/27001001/"
"生活大爆炸 第十一季 / The Big Bang Theory Season 11","","2022/04/11","","2017/09/25","美国","https://movie.douban.com/subject/27000999/"
"我，机器人 / I, Robot","","2022/04/11","补标","2004/07/16","美国","https://movie.douban.com/subject/1308843/"
"逃出克隆岛 / The Island","3","2022/04/11","补标，高中生物课全班一起看的，真是美好回忆🥳","2005/07/22","美国","https://movie.douban.com/subject/1395776/"
"声之形 / 聲の形","3","2022/04/11","我居然看过这个……（但是真的看过🥲）","2016/09/17","日本","https://movie.douban.com/subject/26264454/"
"夏目友人帐 / 劇場版 夏目友人帳 ～うつせみに結ぶ～","3","2022/04/11","为了给朋友过生日而一起去看，情节倒还记得，但是无感。别的事情想起来不少，却真不愿意自己还记得。","2018/09/29","日本","https://movie.douban.com/subject/27166442/"
"回到未来 / Back to the Future","4","2022/04/10","（比起ck，感觉Nike才是最强的广告植入！看完想立马再买几双鞋的地步）50s与80s真的是黄金时代，让人感觉一切都在迅速繁荣、未来尽在掌控…而《回到未来》仅凭复古感+幽默感+乐天感+严整情节就足以成为经典怀旧好片。(1 有用)","1985/07/03","美国","https://movie.douban.com/subject/1300555/"
"回到未来2 / Back to the Future Part II","4","2022/04/10","和第一部完美回扣，时间线越来越错综复杂，节奏越来越紧张，只能说真的牛","1989/11/22","美国","https://movie.douban.com/subject/1299092/"
"侏罗纪公园 / Jurassic Park","","2022/04/10","","1993/06/11","美国","https://movie.douban.com/subject/1292523/"
"飞屋环游记 / Up","","2022/04/10","","2009/05/13","戛纳电影节","https://movie.douban.com/subject/2129039/"
"美食总动员 / Ratatouille","5","2022/04/10","童年回忆。5.22陪冰河船女士二刷。","2007/06/29","美国","https://movie.douban.com/subject/1793491/"
"超人总动员 / The Incredibles","","2022/04/10","童年回忆！（我小时候甚至还有它的漫画书）","2004/11/05","美国","https://movie.douban.com/subject/1291577/"
"海王 / Aquaman","3","2022/04/10","在影院看的，感觉就是普通爆米花电影。","2018/12/07","中国大陆","https://movie.douban.com/subject/3878007/"
"长江七号","4","2022/04/09","","2008/01/30","中国大陆","https://movie.douban.com/subject/1961963/"
"逃学威龙 / 逃學威龍","4","2022/04/09","","1991/07/18","中国香港","https://movie.douban.com/subject/1302090/"
"美人鱼","2","2022/04/09","","2016/02/08","中国大陆","https://movie.douban.com/subject/19944106/"
"成龙历险记 第一季 / Jackie Chan Adventures Season 1","5","2022/04/08","","2000/09/09","美国","https://movie.douban.com/subject/1933857/"
"成龙历险记 第二季 / Jackie Chan Adventures Season 2","5","2022/04/08","","2001/09/08","美国","https://movie.douban.com/subject/25715362/"
"神兵小将1 上部","4","2022/04/08","小时候真的很爱","2007/10/04","中国大陆","https://movie.douban.com/subject/22735528/"
"中华小子","5","2022/04/08","今日重温，感觉小龙长得是真的有点奸邪气质！ @2022-11-20 01:45:29","","","https://movie.douban.com/subject/2244765/"
"犬之力 / The Power of the Dog","4","2022/04/07","草丛暗涌，马背起伏，辽阔原野间有隐秘纷缠而不堪说的重重情绪。西部背景让我想到《断背山》，情欲描写让我想到若干同性电影，看到后半部《犬之力》告诉我它就是《犬之力》。叙述方式极克制，极压抑，于是极富张力，正暗合主题。可惜无论是以柔克刚还是压抑美学，在东方人这里多少是见怪不怪乃至于习以为常了。(2 有用)","2021/09/02","威尼斯电影节","https://movie.douban.com/subject/33437152/"
"波斯语课 / Persischstunden","5","2022/04/07","看时全程极度紧张，一个细微差错也生死系之。看后才发觉这是语言的诗学：由原始生命强力借由死名册和一个外强中干的军官意外构建而成。构思太绝了。","2020/02/22","柏林电影节","https://movie.douban.com/subject/30466931/"
"淘金记 / The Gold Rush","5","2022/04/05","","1925/06/26","美国","https://movie.douban.com/subject/1298817/"
"太平轮(上)","","2022/04/05","","2014/12/02","中国大陆","https://movie.douban.com/subject/3078390/"
"加勒比海盗 / Pirates of the Caribbean: The Curse of the Black ...","5","2022/04/05","","2003/07/09","美国","https://movie.douban.com/subject/1298070/"
"心理罪之城市之光","2","2022/04/05","暑假和几个朋友闲的没事看的，看此电影最大的乐趣就是花式吐槽。烂到离谱的地步。","2017/12/22","中国大陆","https://movie.douban.com/subject/26774722/"
"为奴十二年 / 12 Years a Slave","4","2022/03/31","","2013/08/30","特柳赖德电影节","https://movie.douban.com/subject/6879185/"
"东宫西宫 / 東宮西宮","4","2022/03/28","这星基本是给王二、给似水柔情以及东宫西宫剧本和司汗的。","","","https://movie.douban.com/subject/1304609/"
"末代皇帝 / The Last Emperor","4","2022/03/28","英文对白、或许是更具有还原性的妆造与部分情节都令人有生疏感，时刻因感受到西式目光而出戏。尊龙美到过分、美到让我感觉这根本不是溥仪。三个半小时还是稍显冗长了…但也可以理解。其他地方几乎完美，极有史诗感——辉煌而悲凉的一个人的一生与变革史。(2 有用)","1987/10/04","东京国际电影节","https://movie.douban.com/subject/1293172/"
"小王子 / Le Petit Prince","","2022/03/28","","2015/05/22","戛纳电影节","https://movie.douban.com/subject/20645098/"
"我在故宫修文物","","2022/03/28","","2016/12/16","中国大陆","https://movie.douban.com/subject/26910059/"
"我的个神啊 / PK","3","2022/03/28","","2014/12/19","印度","https://movie.douban.com/subject/10741643/"
"唐人街探案","","2022/03/28","","2015/12/31","中国大陆","https://movie.douban.com/subject/26311973/"
"时间规划局 / In Time","3","2022/03/27","很小的时候看的，现在还记得它的设定。","2011/10/20","加州首映","https://movie.douban.com/subject/4924142/"
"猩球崛起 / Rise of the Planet of the Apes","4","2022/03/27","对我来说，可以列入#那些很多年前看过却让你永远印象深刻的电影#","2011/08/05","美国","https://movie.douban.com/subject/3274505/"
"猩球崛起2：黎明之战 / Dawn of the Planet of the Apes","3","2022/03/27","不如前作，但也还好。","2014/07/11","美国","https://movie.douban.com/subject/7046723/"
"了不起的盖茨比 / The Great Gatsby","4","2022/03/27","多给一星纯粹因为我喜欢小李子…","2013/05/01","纽约首映","https://movie.douban.com/subject/3364223/"
"雾都孤儿 / Oliver Twist","4","2022/03/27","","2005/09/24","捷克","https://movie.douban.com/subject/1418194/"
"冰雪奇缘 / Frozen","4","2022/03/27","let it go","2013/11/27","美国","https://movie.douban.com/subject/4202982/"
"秒速5厘米 / 秒速5センチメートル","","2022/03/27","","2007/03/03","日本","https://movie.douban.com/subject/2043546/"
"中国合伙人","3","2022/03/27","","2013/05/17","中国大陆","https://movie.douban.com/subject/11529526/"
"超能陆战队 / Big Hero 6","4","2022/03/27","","2014/10/23","东京电影节","https://movie.douban.com/subject/11026735/"
"起风了 / 風立ちぬ","4","2022/03/27","起风了，唯有努力生存。美而平淡。","2013/07/20","日本","https://movie.douban.com/subject/6791750/"
"小谢尔顿 第一季 / Young Sheldon Season 1","4","2022/03/27","","2017/09/25","美国","https://movie.douban.com/subject/26910060/"
"雨中曲 / Singin' in the Rain","5","2022/03/26","瑕不掩瑜。既是有声电影变革的时代记录，也是对语音及其代表的社会阶层之忠实记录（后者和窈窕淑女真的很像！）。当然，最俘获人心的还是singing in the rain的曲调和纯粹、振奋人心的美式乐观。(1 有用)","1952/04/11","美国","https://movie.douban.com/subject/1293460/"
"阿甘正传 / Forrest Gump","4","2022/03/26","美国梦。","1994/06/23","洛杉矶首映","https://movie.douban.com/subject/1292720/"
"千与千寻 / 千と千尋の神隠し","5","2022/03/26","重看，上次看的时候还很小很小，只记得温柔的钢琴曲（而且是三级曲目哈哈）。太久没有看到这么美的画面、这么好听的背景音乐和这么美的故事了，感觉给了糟糕的一天一个温柔的结尾。 @2022-09-22 22:00:37","2001/07/20","日本","https://movie.douban.com/subject/1291561/"
"楚门的世界 / The Truman Show","4","2022/03/26","","1998/06/05","美国","https://movie.douban.com/subject/1292064/"
"疯狂动物城 / Zootopia","4","2022/03/26","","2016/03/04","中国大陆","https://movie.douban.com/subject/25662329/"
"怦然心动 / Flipped","3","2022/03/26","","2010/07/26","好莱坞首映","https://movie.douban.com/subject/3319755/"
"少年派的奇幻漂流 / Life of Pi","4","2022/03/26","","2012/09/28","纽约电影节","https://movie.douban.com/subject/1929463/"
"罗马假日 / Roman Holiday","5","2022/03/26","高中英语课全班一起看系列","1953/08/20","威尼斯电影节","https://movie.douban.com/subject/1293839/"
"狮子王 / The Lion King","5","2022/03/26","童年经典","1994/06/15","美国","https://movie.douban.com/subject/1301753/"
"阿凡达 / Avatar","4","2022/03/26","","2009/12/18","美国","https://movie.douban.com/subject/1652587/"
"重庆森林 / 重慶森林","4","2022/03/26","","1994/07/14","中国香港","https://movie.douban.com/subject/1291999/"
"萤火之森 / 蛍火の杜へ","3","2022/03/26","","2011/09/17","日本","https://movie.douban.com/subject/5989818/"
"傲慢与偏见 / Pride & Prejudice","4","2022/03/26","","2005/09/16","英国","https://movie.douban.com/subject/1418200/"
"神偷奶爸 / Despicable Me","4","2022/03/26","","2010/06/20","莫斯科电影节","https://movie.douban.com/subject/3287562/"
"你的名字。 / 君の名は。","3","2022/03/26","","2016/08/26","日本","https://movie.douban.com/subject/26683290/"
"疯狂原始人 / The Croods","4","2022/03/26","","2013/02/15","柏林电影节","https://movie.douban.com/subject/1907966/"
"色，戒","5","2022/03/26","","2007/08/30","威尼斯电影节","https://movie.douban.com/subject/1828115/"
"虎口脱险 / La grande vadrouille","5","2022/03/26","鸳鸯茶，鸳鸯皮，你爱我，我爱你～(1 有用)","1966/12/08","法国","https://movie.douban.com/subject/1296909/"
"心灵奇旅 / Soul","3","2022/03/26","","2020/10/11","伦敦电影节","https://movie.douban.com/subject/24733428/"
"昨天","4","2022/03/25","你就是一个人。(2 有用)","2001/09/04","威尼斯电影节","https://movie.douban.com/subject/1308086/"
"叶问 / 葉問","3","2022/03/25","童年回忆","2008/12/12","中国大陆","https://movie.douban.com/subject/3041806/"
"戏梦巴黎 / The Dreamers","4","2022/03/25","去年看的，忘记标记了。看的时候想起那句“是古老的欧洲强奸了年轻的美国还是年轻的美国诱奸了古老的欧洲”。过去的影评已经找不到了，干脆不写。","2003/09/01","威尼斯电影节","https://movie.douban.com/subject/1291856/"
"音乐之声 / The Sound of Music","5","2022/03/25","","1965/03/02","美国","https://movie.douban.com/subject/1294408/"
"窈窕淑女 / My Fair Lady","5","2022/03/25","皮格马利翁。高中英语课全班花了两节课一起看的，高中三年内我们每个人基本都还能哼唱里面的小调。","1964/12/25","美国","https://movie.douban.com/subject/1297965/"
"冰川时代3 / Ice Age: Dawn of the Dinosaurs","5","2022/03/19","","2009/07/01","美国","https://movie.douban.com/subject/2357162/"
"冰川时代 / Ice Age","","2022/03/19","","2002/03/15","美国","https://movie.douban.com/subject/1291578/"
"冰川时代2 / Ice Age: The Meltdown","","2022/03/19","","2006/03/31","美国","https://movie.douban.com/subject/1437342/"
"冰川时代4 / Ice Age: Continental Drift","","2022/03/19","","2012/06/27","法国","https://movie.douban.com/subject/4914468/"
"冰川时代5：星际碰撞 / Ice Age: Collision Course","","2022/03/19","","2016/07/22","美国","https://movie.douban.com/subject/25797778/"
"请以你的仆人呼唤我 / Call Me by Your Maid","4","2022/03/18","哈哈哈哈哈哈哈哈","2018/02/28","美国","https://movie.douban.com/subject/34957898/"
"残影余像 / Powidoki","4","2022/03/14","","2016/09/10","多伦多电影节","https://movie.douban.com/subject/26677427/"
"性爱自修室 第三季 / Sex Education Season 3","4","2022/03/11","","2021/09/17","英国","https://movie.douban.com/subject/34966169/"
"马男波杰克 第六季 / BoJack Horseman Season 6","5","2022/02/24","","2019/10/25","美国","https://movie.douban.com/subject/30366464/"
"马男波杰克 第五季 / BoJack Horseman Season 5","5","2022/02/24","","2018/09/14","美国","https://movie.douban.com/subject/27149382/"
"鬼马奶爸 / Horsin' Around","5","2022/02/24","","","","https://movie.douban.com/subject/30205145/"
"马男波杰克 第四季 / BoJack Horseman Season 4","5","2022/02/18","","2017/09/08","美国","https://movie.douban.com/subject/26842335/"
"马男波杰克 第二季 / BoJack Horseman Season 2","4","2022/02/16","","2015/07/17","美国","https://movie.douban.com/subject/26295873/"
"马男波杰克 第三季 / BoJack Horseman Season 3","4","2022/02/16","","2016/07/22","美国","https://movie.douban.com/subject/26581673/"
"马男波杰克 第一季 / BoJack Horseman Season 1","5","2022/02/15","","2014/08/22","美国","https://movie.douban.com/subject/25900177/"
"性爱自修室 第一季 / Sex Education Season 1","4","2022/02/15","","2019/01/11","美国","https://movie.douban.com/subject/27594217/"
"憨豆先生 / Mr. Bean","5","2022/02/15","","1990/01/01","英国","https://movie.douban.com/subject/1302958/"
"倒数时刻 / Tick, Tick…Boom!","4","2022/01/21","已经记不清当时看完什么感想，可能是感觉过分明亮了，为梦想拼搏的主题有点平庸。加菲挺帅，音乐不错，总体还好。","2021/11/10","美国电影学会电影节","https://movie.douban.com/subject/30279170/"
"小鬼当家 / Home Alone","4","2022/01/21","","1990/11/16","美国","https://movie.douban.com/subject/1293088/"
"断背山 / Brokeback Mountain","5","2021/11/18","","2005/09/02","威尼斯电影节","https://movie.douban.com/subject/1418834/"
"步履不停 / 歩いても 歩いても","4","2021/11/18","","2008/06/28","日本","https://movie.douban.com/subject/2222996/"
"海街日记 / 海街diary","4","2021/11/18","","2015/05/14","戛纳电影节","https://movie.douban.com/subject/25895901/"
"你好，李焕英","4","2021/11/18","","2021/02/12","中国大陆","https://movie.douban.com/subject/34841067/"
"老友记重聚特辑 / Friends: The Reunion","5","2021/11/18","","2021/05/27","美国网络","https://movie.douban.com/subject/34908189/"
"生活大爆炸  第二季 / The Big Bang Theory Season 2","4","2021/11/18","","2008/09/22","美国","https://movie.douban.com/subject/3190880/"
"老友记 第二季 / Friends Season 2","5","2021/11/18","","1995/09/21","美国","https://movie.douban.com/subject/3286528/"
"老友记  第三季 / Friends Season 3","5","2021/11/18","","1996/09/16","美国","https://movie.douban.com/subject/3286531/"
"老友记  第四季 / Friends Season 4","5","2021/11/18","","1997/09/25","美国","https://movie.douban.com/subject/3286536/"
"老友记  第五季 / Friends Season 5","5","2021/11/18","","1998/09/24","美国","https://movie.douban.com/subject/3286538/"
"老友记  第六季 / Friends Season 6","5","2021/11/18","","1999/09/23","美国","https://movie.douban.com/subject/3286543/"
"老友记  第七季 / Friends Season 7","5","2021/11/18","","2000/10/12","美国","https://movie.douban.com/subject/3286547/"
"老友记  第八季 / Friends Season 8","5","2021/11/18","","2001/09/27","美国","https://movie.douban.com/subject/3286548/"
"老友记  第九季 / Friends Season 9","4","2021/11/18","","2002/09/26","美国","https://movie.douban.com/subject/3286549/"
"老友记 第十季 / Friends Season 10","5","2021/11/18","","2003/09/25","美国","https://movie.douban.com/subject/3286552/"
"瑞克和莫蒂 第五季 / Rick and Morty Season 5","4","2021/11/18","","2021/06/20","美国","https://movie.douban.com/subject/34908206/"
"瑞克和莫蒂 第二季 / Rick and Morty Season 2","5","2021/11/18","","2015/07/26","美国","https://movie.douban.com/subject/25865470/"
"瑞克和莫蒂 第三季 / Rick and Morty Season 3","5","2021/11/18","","2017/04/01","首播集","https://movie.douban.com/subject/26592971/"
"瑞克和莫蒂 第四季 / Rick and Morty Season 4","5","2021/11/18","","2019/11/10","美国","https://movie.douban.com/subject/27166039/"
"哈利·波特与魔法石 / Harry Potter and the Sorcerer's Stone","4","2021/11/15","","2001/11/04","英国首映","https://movie.douban.com/subject/1295038/"
"唐伯虎点秋香 / 唐伯虎點秋香","3","2021/11/15","","1993/07/01","中国香港","https://movie.douban.com/subject/1306249/"
"乱世佳人 / Gone with the Wind","4","2021/11/15","","1939/12/15","美国","https://movie.douban.com/subject/1300267/"
"何以为家 / كفرناحوم","5","2021/11/15","","2018/05/17","戛纳电影节","https://movie.douban.com/subject/30170448/"
"寄生虫 / 기생충","4","2021/11/15","","2019/05/21","戛纳电影节","https://movie.douban.com/subject/27010768/"
"玩具总动员4 / Toy Story 4","5","2021/11/15","","2019/06/21","美国","https://movie.douban.com/subject/6850547/"
"玩具总动员 / Toy Story","5","2021/11/15","感谢w女士送给我的礼物嘿嘿！今日重温童年经典，充满童趣的玩具想象+日常冒险仍旧精彩。玩总永不过时！ @2022-12-02 01:37:45","1995/11/22","美国","https://movie.douban.com/subject/1291575/"
"玩具总动员2 / Toy Story 2","3","2021/11/15","2相比134真的有点一般 @2022-12-03 22:02:11","1999/11/24","美国","https://movie.douban.com/subject/1291574/"
"玩具总动员3 / Toy Story 3","5","2021/11/15","😭😭😭 @2022-12-04 01:23:22","2010/06/16","中国大陆","https://movie.douban.com/subject/1858711/"
"阿黛尔的生活 / La Vie d'Adèle","4","2021/11/15","","2013/05/23","戛纳电影节","https://movie.douban.com/subject/10535568/"
"苏州河","5","2021/11/11","","2000/09/07","中国香港","https://movie.douban.com/subject/1299661/"
"谁先爱上他的 / 誰先愛上他的","4","2021/11/10","","2018/04/22","乌迪内远东电影节","https://movie.douban.com/subject/27119586/"
"卡罗尔 / Carol","4","2021/11/10","","2015/05/17","戛纳电影节","https://movie.douban.com/subject/10757577/"
"蓝宇 / 藍宇","5","2021/11/10","二刷，在结尾看着车窗外飞驰而过的蓝墙流泪。 @2022-06-09 09:29:16","2001/11/22","中国香港","https://movie.douban.com/subject/1308076/"
"春风沉醉的夜晚","5","2021/11/10","","2009/05/14","戛纳电影节","https://movie.douban.com/subject/3690289/"
"猫鼠游戏 / Catch Me If You Can","4","2021/10/27","","2002/12/16","洛杉矶首映","https://movie.douban.com/subject/1305487/"
"兹山鱼谱 / 자산어보","4","2021/10/27","","2021/03/31","韩国","https://movie.douban.com/subject/30409439/"
"兰心大剧院","5","2021/10/27","","2019/09/04","威尼斯电影节","https://movie.douban.com/subject/26954859/"
"一直游到海水变蓝","3","2021/10/27","","2020/02/21","柏林电影节","https://movie.douban.com/subject/33440244/"
"老友记 第一季 / Friends Season 1","5","2021/10/27","","1994/09/22","美国","https://movie.douban.com/subject/1393859/"
"请回答1988 / 응답하라 1988","4","2021/10/27","","2015/11/06","韩国","https://movie.douban.com/subject/26302614/"
"瑞克和莫蒂 第一季 / Rick and Morty Season 1","5","2021/10/27","","2013/12/02","美国","https://movie.douban.com/subject/11537954/"
"红楼梦","5","2021/10/27","","1987/05/02","中国大陆","https://movie.douban.com/subject/1864810/"
"猫和老鼠 / Tom and Jerry","5","2021/10/27","","1965/09/25","美国","https://movie.douban.com/subject/4321270/"
"罗生门 / 羅生門","5","2021/03/10","","1950/08/26","日本","https://movie.douban.com/subject/1291879/"
"大头儿子和小头爸爸","","2021/02/23","","1995/12/31","中国大陆","https://movie.douban.com/subject/2148394/"
"地球最后的夜晚","","2021/02/23","","2018/05/15","戛纳电影节","https://movie.douban.com/subject/26633257/"
"爱你，西蒙 / Love, Simon","","2021/02/23","","2018/03/16","美国","https://movie.douban.com/subject/26654498/"
"吉祥如意","","2021/02/23","","2020/07/26","上海电影节","https://movie.douban.com/subject/35068230/"
"小妇人 / Little Women","","2021/02/23","","2019/12/25","美国","https://movie.douban.com/subject/26348103/"
"小偷家族 / 万引き家族","","2021/02/23","","2018/05/13","戛纳电影节","https://movie.douban.com/subject/27622447/"
"波西米亚狂想曲 / Bohemian Rhapsody","","2021/02/23","","2018/11/02","美国","https://movie.douban.com/subject/5300054/"
"掬水月在手","","2021/02/23","","2020/07/26","上海电影节","https://movie.douban.com/subject/34914949/"
"绿皮书 / Green Book","","2021/02/23","","2018/09/11","多伦多电影节","https://movie.douban.com/subject/27060077/"
"少年的你","","2021/02/23","","2019/10/25","中国大陆","https://movie.douban.com/subject/30166972/"
"1917","4","2021/02/23","和四十九一块看的，除了一镜到底以外其他不够吸引人。","2019/12/25","美国","https://movie.douban.com/subject/30252495/"
"无依之地 / Nomadland","5","2021/02/23","","2020/09/11","威尼斯电影节","https://movie.douban.com/subject/30458949/"
"调音师 / Andhadhun","","2021/02/23","","2018/10/05","印度","https://movie.douban.com/subject/30334073/"
"一个叫欧维的男人决定去死 / En man som heter Ove","","2021/02/23","","2015/12/25","瑞典","https://movie.douban.com/subject/26628357/"
"我不是药神","","2021/02/23","","2018/06/30","大规模点映","https://movie.douban.com/subject/26752088/"
"海蒂和爷爷 / Heidi","","2021/02/23","","2015/12/10","德国","https://movie.douban.com/subject/25958717/"
"哪吒之魔童降世","3","2021/02/23","","2019/07/13","大规模点映","https://movie.douban.com/subject/26794435/"
"寻梦环游记 / Coco","4","2021/02/23","","2017/11/22","美国","https://movie.douban.com/subject/20495023/"
"送你一朵小红花","4","2021/02/23","","2020/12/31","中国大陆","https://movie.douban.com/subject/35096844/"
"绝杀慕尼黑 / Движение вверх","","2021/02/23","","2017/12/28","俄罗斯","https://movie.douban.com/subject/27024959/"
"士兵突击","","2021/02/23","","2006/12/24","中国大陆","https://movie.douban.com/subject/2154096/"
"摔跤吧！爸爸 / Dangal","","2021/02/23","","2016/12/23","印度","https://movie.douban.com/subject/26387939/"
"起跑线 / Hindi Medium","","2021/02/23","","2017/05/19","印度","https://movie.douban.com/subject/26942631/"
"我和我的祖国","","2021/02/23","","2019/09/30","中国大陆","https://movie.douban.com/subject/32659890/"
"疯狂原始人2 / The Croods: A New Age","","2021/02/23","","2020/11/25","美国","https://movie.douban.com/subject/24298954/"
"姜子牙","","2021/02/23","","2020/10/01","中国大陆","https://movie.douban.com/subject/25907124/"
"小萝莉的猴神大叔 / Bajrangi Bhaijaan","","2021/02/23","","2015/07/17","印度","https://movie.douban.com/subject/26393561/"
"神秘巨星 / Secret Superstar","3","2021/02/23","","2017/10/18","印度","https://movie.douban.com/subject/26942674/"
"天才枪手 / ฉลาดเกมส์โกง","","2021/02/23","","2017/05/03","泰国","https://movie.douban.com/subject/27024903/"
"无问西东","","2021/02/23","","2018/01/12","中国大陆","https://movie.douban.com/subject/6874741/"
"快把我哥带走","","2021/02/23","","2018/08/17","中国大陆","https://movie.douban.com/subject/30122633/"
"一出好戏","","2021/02/23","","2018/08/10","中国大陆","https://movie.douban.com/subject/26985127/"
"头号玩家 / Ready Player One","4","2020/10/01","对此电影情感复杂。","2018/03/11","西南偏南电影节","https://movie.douban.com/subject/4920389/"
"八佰","4","2020/09/12","","2020/08/14","大规模点映","https://movie.douban.com/subject/26754233/"
"痛苦与荣耀 / Dolor y gloria","4","2020/08/18","","2019/03/13","马德里首映","https://movie.douban.com/subject/30198539/"
"指匠情挑 / Fingersmith","5","2020/08/18","","2005/03/27","英国","https://movie.douban.com/subject/1417051/"
"月光男孩 / Moonlight","4","2020/08/18","","2016/09/02","特柳赖德电影节","https://movie.douban.com/subject/26648249/"
"生活大爆炸  第一季 / The Big Bang Theory Season 1","4","2020/08/15","","2007/09/24","美国","https://movie.douban.com/subject/2156528/"
"燃烧女子的肖像 / Portrait de la jeune fille en feu","5","2020/08/14","","2019/05/19","戛纳电影节","https://movie.douban.com/subject/30257175/"
"普罗旺斯的夏天 / Avis de mistral","4","2020/08/14","","2014/04/02","法国","https://movie.douban.com/subject/25858604/"
"霸王别姬","5","2020/07/13","","1993/01/01","中国香港","https://movie.douban.com/subject/1291546/"
"肖申克的救赎 / The Shawshank Redemption","4","2020/07/13","","1994/09/10","多伦多电影节","https://movie.douban.com/subject/1292052/"
"这个杀手不太冷 / Léon","4","2020/07/13","","1994/09/14","法国","https://movie.douban.com/subject/1295644/"
"辛德勒的名单 / Schindler's List","5","2020/07/13","","1993/11/30","华盛顿首映","https://movie.douban.com/subject/1295124/"
"泰坦尼克号 / Titanic","4","2020/07/13","","1997/11/01","东京电影节","https://movie.douban.com/subject/1292722/"
"三傻大闹宝莱坞 / 3 Idiots","4","2020/07/13","","2009/12/25","印度","https://movie.douban.com/subject/3793023/"
"春光乍泄 / 春光乍洩","5","2020/07/13","","1997/05/17","戛纳电影节","https://movie.douban.com/subject/1292679/"
"请以你的名字呼唤我 / Call Me by Your Name","5","2020/07/13","","2017/01/22","圣丹斯电影节","https://movie.douban.com/subject/26799731/"
