单曲/专辑,个人评分,打分日期,我的短评,发行日期,音乐家,条目链接
"太阳之子 / Children of the Sun","2","2026/03/25","虽然宣发很离谱，但其实比上张略好，虽然土味/哥味审美一如既往，整体却也没有特别差。以及感觉他真的活在一个十多年前的bubble里。","2026/03/24","周杰伦 Jay Chou","https://music.douban.com/subject/38386052/"
"Give Me Love (Give Me Peace on Earth) (Take 18)","","2026/02/25","","2024/09/19","George Harrison","https://music.douban.com/subject/37057431/"
"我用什么把你留住","","2026/02/03","","2021/01/31","福禄寿 FloruitShow","https://music.douban.com/subject/35285211/"
"Dangerous / 危险之旅","5","2026/02/03","","1991","Michael Jackson","https://music.douban.com/subject/1422152/"
"Faith / 信念","","2026/02/03","","1987","George Michael","https://music.douban.com/subject/1414835/"
"The Earth Is Not a Cold Dead Place","","2026/01/25","","2004","Explosions in the Sky","https://music.douban.com/subject/1394778/"
"Happyend (Original Motion Picture Soundtrack) / 圆满结局电影原声","5","2025/10/26","配乐给电影加分系列","2024/10/04","Lia Ouyang Rusli","https://music.douban.com/subject/37063718/"
"Tchaikovsky: The Nutcracker","5","2025/08/11","","2010/11/01","Simon Rattle,Berliner Philharmoniker","https://music.douban.com/subject/10439107/"
"Vivaldi Variation (Arr. for Piano from Concerto for Strings in...","","2025/08/11","","2018/10/26","Florian Christl","https://music.douban.com/subject/33632620/"
"Don't Look Back","","2025/07/29","","2020/06/01","Rick and Morty,Kotomi,Ryan Elder","https://music.douban.com/subject/35088067/"
"Flowers (feat. Ryan Elder & Mark Mallman) (From Rick and Morty...","","2025/07/29","","2021/07/04","Rick and Morty,Mark Mallman,Ryan Elder","https://music.douban.com/subject/35514949/"
"Borrowed Time (From Rick and Morty: Season 5) / 瑞克和莫蒂 第五季...","","2025/07/29","","2021/09/03","Rick and Morty,Tennis","https://music.douban.com/subject/35588870/"
"Goodbye Moonmen","","2025/07/29","","2015/08/06","Jemaine Clement","https://music.douban.com/subject/26673537/"
"Time and Tide (from ""Rick and Morty: Season 7"") / 瑞克和莫蒂 第七...","","2025/07/29","","2023/12/17","Ryan Elder","https://music.douban.com/subject/36695248/"
"Don't Look Back (Diane's Version) [feat. Kotomi and Ryan Elder...","5","2025/07/29","","2025/07/27","Ryan Elder","https://music.douban.com/subject/37455085/"
"Life Continues / 生命的延续","4","2025/07/23","","2006","陈奕迅","https://music.douban.com/subject/1480001/"
"认了吧 / Admit it","","2025/07/23","","2007/04/24","陈奕迅","https://music.douban.com/subject/2052256/"
"SWAG","4","2025/07/18","","2025/07/11","Justin Bieber","https://music.douban.com/subject/37432920/"
"The Miseducation Of Lauryn Hill / 劳伦希尔的错误教育","5","2025/07/11","即刻爱上","1998/08/25","Lauryn Hill","https://music.douban.com/subject/1434050/"
"SOS","","2025/07/05","","2022/12/09","SZA","https://music.douban.com/subject/36175905/"
"Parklife","4","2025/07/04","","1994","Blur","https://music.douban.com/subject/1394559/"
"Brian McKnight","","2025/07/04","","1992年06月23日","Brian McKnight","https://music.douban.com/subject/2082702/"
"Illinois / Illinoise","5","2025/07/02","","2005/07/05","Sufjan Stevens","https://music.douban.com/subject/1417805/"
"The Greatest Gift / The Greatest Gift Mixtape","4","2025/07/02","","2017/10/20","Sufjan Stevens","https://music.douban.com/subject/27145991/"
"Heaven Thunder","","2025/07/02","","2025/07/02","Mina Tindle,苏菲洋·斯蒂文斯 Sufjan Stevens","https://music.douban.com/subject/37417304/"
"Hot Space (Deluxe Edition 2011 Remaster)","","2025/06/26","","2011/01/01","Queen,David Bowie","https://music.douban.com/subject/34514631/"
"Let It Bleed / 任血流淌","","2025/06/23","","1969","The Rolling Stones","https://music.douban.com/subject/1467357/"
"Carrie & Lowell (10th Anniversary Edition)","5","2025/06/02","","2025/05/30","Sufjan Stevens","https://music.douban.com/subject/37302831/"
"A Hard Day's Night","5","2025/05/27","早期小甜歌，简单、好听。在电影里看他们唱得那么开心我也跟着电影一首首星标了。","1964","The Beatles","https://music.douban.com/subject/1401363/"
"Cloud Nine","","2025/05/26","","2004/02/24","George Harrison","https://music.douban.com/subject/1856938/"
"Pink is the Pig / Live @ London 1970.9.16","","2025/05/12","","1990","Pink Floyd","https://music.douban.com/subject/4729127/"
"The Division Bell / 藩籬警鐘","","2025/05/12","","1994","Pink Floyd","https://music.douban.com/subject/1851490/"
"翅膀和泥土","4","2025/05/01","","2025/04/18","YELLOW黄宣","https://music.douban.com/subject/37327564/"
"Bluebird / Blue Bird","5","2025/04/18","","2025/04/18","Lana Del Rey","https://music.douban.com/subject/37318875/"
"STUPID POP SONGS / 普普愚乐","4","2025/04/15","其实已经高于预期，但还是难免遗憾。","2025/04/15","陶喆 David Tao","https://music.douban.com/subject/37190211/"
"Henry, Come On","","2025/04/12","","2025/04/11","Lana Del Rey","https://music.douban.com/subject/36741923/"
"Azizam","","2025/04/08","","2025/04/04","Ed Sheeran","https://music.douban.com/subject/37288185/"
"Short N' Sweet / 微甜","","2025/03/07","","2024/08/23","Sabrina Carpenter","https://music.douban.com/subject/36917466/"
"The Rise And Fall Of A Midwest Princess / 中西部公主的起落","","2025/03/07","","2023/09/22","Chappell Roan","https://music.douban.com/subject/36530087/"
"梦想家 The Dreamer","5","2025/03/07","人生如一阵春风。","2024/10/18","方大同 Khalil Fong","https://music.douban.com/subject/36966013/"
"SOUR / 淡紫酸糖","","2025/03/07","","2021/05/21","Olivia Rodrigo","https://music.douban.com/subject/35420692/"
"GUTS","","2025/03/07","","2023/09/08","Olivia Rodrigo","https://music.douban.com/subject/36568459/"
"JTW 西游记","","2025/03/02","","2016/09/28","方大同","https://music.douban.com/subject/27204503/"
"爱爱爱 / 愛愛愛 / THIS LOVE","5","2025/03/02","","2006/12","方大同","https://music.douban.com/subject/1950025/"
"橙月 / Orange Moon","5","2025/03/02","","2008/12/19","方大同","https://music.douban.com/subject/3313612/"
"一切随风 / 纪念哥哥逝世1周年 精装礼盒","5","2024/12/18","","2003/07/08","张国荣","https://music.douban.com/subject/1412790/"
"Brotherocean","","2024/12/09","","2010/08/30","Syd Matters","https://music.douban.com/subject/5258436/"
"Some Day We Will Forsee Obstacles","","2024/12/09","","2007/08/28","Syd Matters","https://music.douban.com/subject/2297508/"
"Syd Matters / 朴质敏感的 Syd Matters《Someday We Will Foresee Obs...","5","2024/12/09","","2005/08/23","Syd Matters","https://music.douban.com/subject/1421663/"
"J.S.Bach: Magnificat; Jauchzet Gott in allen Landen, Cantata B...","","2024/11/21","","1990/10/25","Gardiner","https://music.douban.com/subject/1827218/"
"Will Anybody Ever Love Me?","","2024/11/21","","2023/09/13","Sufjan Stevens","https://music.douban.com/subject/36565375/"
"Love Yourself / With My Whole Heart","","2024/11/21","","2019/05/29","Sufjan Stevens","https://music.douban.com/subject/33474630/"
"Glenn Gould Plays Bach: Goldberg Variations Bwv 988 - The Hist...","5","2024/11/21","","2012/10/30","Glenn Gould","https://music.douban.com/subject/20260656/"
"Glenn Gould plays Bach: The Well-Tempered Clavier Books I & II...","5","2024/11/21","","2012/10/30","Glenn Gould","https://music.douban.com/subject/24747473/"
"Glenn Gould plays Bach: 6 Partitas, Chromatic Fantasy, Italian...","5","2024/11/21","","2012/10/30","Glenn Gould","https://music.douban.com/subject/25879908/"
"星心 / Shining Star","","2024/09/29","","2024/01/22","陶喆 David Tao","https://music.douban.com/subject/36740762/"
"全世界會唱的歌 / Song For The World","","2024/09/29","","2023/07/11","陶喆","https://music.douban.com/subject/36473927/"
"Bigger, Better, Faster, More!","","2024/09/18","What’s Up?","1992/10/13","4 Non Blondes","https://music.douban.com/subject/1408252/"
"我是歌手第四季 第7期","5","2024/09/18","大爱李玟版本what’s up","2016/02/26","徐佳莹 LALA,李克勤 Hacken Lee,黄致列,李玟 CoCo Lee,信 Shin,张信哲 Jeff Chang,王晰 Elvis Wang,容祖儿 Joey Yung","https://music.douban.com/subject/26730998/"
"Magical Mystery Tour / 魔幻之旅","5","2024/09/18","","1967/11/27","The Beatles","https://music.douban.com/subject/1401366/"
"Experience Hendrix The Best of Jimi Hendrix","5","2024/09/18","","1998","Jimi Hendrix","https://music.douban.com/subject/1408543/"
"近人可读","","2024/09/15","","2020/06/19","寸铁","https://music.douban.com/subject/35101591/"
"Desperado","5","2024/09/15","","1973/04/17","Eagles","https://music.douban.com/subject/1459918/"
"(What's The Story) Morning Glory?","5","2024/09/14","","1995","Oasis","https://music.douban.com/subject/1395617/"
"半岛铁盒","","2024/09/14","","2002/07/18","周杰伦 Jay Chou","https://music.douban.com/subject/33414086/"
"依然范特西 / Still Fantasy","","2024/09/14","","2006","周杰伦","https://music.douban.com/subject/26985458/"
"十一月的萧邦 / 11月的蕭邦 / 11月的萧邦","","2024/09/14","","2005/11/01","周杰伦","https://music.douban.com/subject/1436975/"
"我不是农人 / Not A Farmer","","2024/09/14","","2024/09/10","方大同（Khalil Fong）","https://music.douban.com/subject/37034312/"
"Ghost Swing","","2024/09/14","","2024/09/09","YELLOW黄宣","https://music.douban.com/subject/37034553/"
"The Madding Crowd","","2024/09/05","","2000/05/16","Nine Days","https://music.douban.com/subject/1849196/"
"HERO","","2024/08/31","","2024/05/24","Charlie Puth","https://music.douban.com/subject/36880891/"
"Voicenotes / 语音便笺","","2024/08/31","","2018/05/11","Charlie Puth","https://music.douban.com/subject/27163860/"
"Karajan 1970s: The Complete DG Recordings","5","2024/08/31","","2013/09/03","Herbert Von Karajan","https://music.douban.com/subject/25773364/"
"未来的主人翁","5","2024/08/31","","1983","罗大佑","https://music.douban.com/subject/1417731/"
"Waiting For My Rocket To Come / 等待我的小火箭","","2024/07/20","","2002","Jason Mraz","https://music.douban.com/subject/1401299/"
"69乐章 / 六九乐章 / 六九","","2024/07/19","不知道为什么Music版本没有《关于陶喆》，但我挺喜欢这首","2009/08/21","陶喆","https://music.douban.com/subject/3870248/"
"陶喆现场原音专辑 / Soul Power Live","5","2024/07/18","","2003/12/19","陶喆","https://music.douban.com/subject/1407766/"
"太美丽 / Beautiful","4","2024/07/18","","2006","陶喆","https://music.douban.com/subject/1845155/"
"黑色柳丁 / Black Tangerine","5","2024/07/18","常听常新（豆瓣为什么经常会有两个毫无区别的条目）","2002/08/09","陶喆","https://music.douban.com/subject/3254288/"
"怪天气","","2024/06/27","","2020/09/14","YELLOW黄宣,9m88","https://music.douban.com/subject/35204328/"
"浮世击","4","2024/06/27","豆瓣乐评这么mean的吗","2020/10/12","YELLOW","https://music.douban.com/subject/35222293/"
"The Rutles / The Rutles (1978) [1990 Rhino CD Issue]","","2024/06/21","笑得","1995/08/10","The Rutles","https://music.douban.com/subject/3103579/"
"Help! / 救命啊！","5","2024/05/26","","1965/08/06","The Beatles","https://music.douban.com/subject/1457725/"
"Led Zeppelin II","5","2024/05/24","","1969/10/22","Led Zeppelin","https://music.douban.com/subject/1418338/"
"Bach : Goldberg Variations","","2024/04/28","","2011/05/09","Nicholas Angelich","https://music.douban.com/subject/33471480/"
"Piano Book","","2024/04/24","","2019/03/29","Lang Lang","https://music.douban.com/subject/30435163/"
"肖邦精选 / 李云迪演奏肖邦钢琴作品","5","2024/04/24","","2001/12/19","李云迪","https://music.douban.com/subject/6552118/"
"Merry Christmas Mr. Lawrence / 戦场のメリー・クリスマス","","2024/04/24","","1983","坂本龙一","https://music.douban.com/subject/1494912/"
"Bach: Goldberg Variations (1981 Digital Version) / 巴赫《戈德堡变...","5","2024/04/24","边弹边唱版","1993/03/08","Glenn Gould","https://music.douban.com/subject/1763235/"
"Bach: Goldberg Variations, BWV 988 (The Historic 1955 Debut Re...","5","2024/04/24","","1992/10/27","Johann Sebastian Bach,Glenn Gould","https://music.douban.com/subject/1432305/"
"Chopin: Études","","2024/04/22","","2024/04/19","임윤찬,任奫灿,Yunchan Lim","https://music.douban.com/subject/36863434/"
"Soul Power Live / 現場原音專輯(精裝鐵盒版)","5","2024/03/27","","2003/12/19","陶喆","https://music.douban.com/subject/5966149/"
"黑色柳丁 / Black Tangerine","5","2024/03/26","","2002/08/09","陶喆","https://music.douban.com/subject/1395092/"
"I'm OK","5","2024/03/26","","1999/12/10","陶喆","https://music.douban.com/subject/3714219/"
"太平盛世 / The Great Leap","4","2024/03/26","","2005/01/21","陶喆","https://music.douban.com/subject/3579962/"
"樂之路 / Ultrasound 1997-2003 / 乐之路","","2024/03/26","","2003/08/08","陶喆","https://music.douban.com/subject/1407536/"
"Songs In Black And White (Live From The Waiting Room, 29.07.16)","","2024/03/08","","2016/09/30","Isaac Gracie","https://music.douban.com/subject/34493896/"
"Take Me Home, Country Roads","5","2024/02/05","take me home","2023/12/01","Lana Del Rey","https://music.douban.com/subject/36666468/"
"Never Trust A Happy Song","","2024/01/26","","2011/09/20","Grouplove","https://music.douban.com/subject/6539220/"
"1989 (Taylor's Version) / 一九八九（重制版）","","2024/01/26","好喜欢这个封面！！！","2023/10/27","Taylor Swift","https://music.douban.com/subject/36516028/"
"蛙池 2020-2021","","2024/01/25","","2023/09/13","蛙池","https://music.douban.com/subject/36565650/"
"Sweet Caroline","","2024/01/21","","1990/10/25","Neil Diamond","https://music.douban.com/subject/3536170/"
"Fillmore East - June 1971","","2024/01/18","","1971","Frank Zappa","https://music.douban.com/subject/1424533/"
"Bach: Toccata and Fugue in D Minor","","2024/01/18","","1990/10/25","","https://music.douban.com/subject/1452232/"
"逆転裁判+逆転裁判2 オリジナル・サウンドトラック","","2024/01/18","","2004年3月31日","杉森雅和,木村明美","https://music.douban.com/subject/10605536/"
"河流","4","2023/11/26","","2020/04/03","蛙池 Wachi","https://music.douban.com/subject/35028833/"
"All Things Must Pass","5","2023/11/24","","1970/11/30","George Harrison","https://music.douban.com/subject/1416958/"
"Now and Then","5","2023/11/02","I miss you.","2023/11/02","The Beatles","https://music.douban.com/subject/36620826/"
"La Jeune Fille en Feu (Bande originale du film) / 电影《燃烧女子...","","2023/11/02","","2019/09/18","Para One,Arthur Simonini","https://music.douban.com/subject/34977613/"
"Sex Education OST","","2023/11/02","","2020/01/24","Ezra Furman","https://music.douban.com/subject/34955431/"
"The Rick and Morty Soundtrack / 瑞克和莫蒂 原声带","","2023/11/02","","2018/09/28","Rick and Morty","https://music.douban.com/subject/30278707/"
"BoJack Horseman (Music from the Netflix Original Series)","5","2023/10/29","","2017/09/29","Various Artists","https://music.douban.com/subject/27125758/"
"BoJack Horseman Soundtrack / 马男波杰克 原声","","2023/10/29","","2014/09/19","Grouplove,Patrick Carney,The Rolling Stones","https://music.douban.com/subject/26601957/"
"Beethoven: Piano Sonatas No. 8, Pathétique/ No. 14, Moonlight...","","2023/10/16","","1996/01/23","Wilhelm Kempff","https://music.douban.com/subject/3617229/"
"Three Billboards Outside Ebbing, Missouri (Original Motion Pic...","","2023/10/13","","2017/11/10","Carter Burwell","https://music.douban.com/subject/27165347/"
"Autumn Variations","3","2023/10/09","","2023/09/29","Ed Sheeran","https://music.douban.com/subject/36543152/"
"Sweet Sounds Of Heaven","","2023/10/09","","2023/09/28","The Rolling Stones,Lady Gaga","https://music.douban.com/subject/36583844/"
"Javelin / 标枪","5","2023/10/06","BEST NEW MUSIC","2023/10/06","Sufjan Stevens","https://music.douban.com/subject/36516501/"
"Habitación en Roma / Room In Rome Original Motion Picture Soundt...","","2023/09/23","","2010/5/7","Jocelyn Pook","https://music.douban.com/subject/4871619/"
"David Tao / 陶喆同名专辑","","2023/09/09","","1997","陶喆","https://music.douban.com/subject/1407329/"
"Atom Heart Mother","5","2023/09/09","","1970","Pink Floyd","https://music.douban.com/subject/1401320/"
"母星","","2023/09/04","","2016/04/18","麻园诗人","https://music.douban.com/subject/27036708/"
"Gris (Original Soundtrack)","","2023/09/01","","2018/12/13","Berlinist","https://music.douban.com/subject/30456224/"
"Florence (Original Soundtrack)","","2023/09/01","","2018/02/14","Kevin Penkin","https://music.douban.com/subject/30149664/"
"What Remains of Edith Finch - Soundtrack / 关于艾迪芬奇的记忆","","2023/09/01","","2017/04/25","Jeff Russo","https://music.douban.com/subject/27042202/"
"Death Stranding (Original Score) / 游戏《死亡搁浅》原声","","2023/09/01","","2019/11/08","Ludvig Forssell","https://music.douban.com/subject/34877776/"
"Stardew Valley Original Soundtrack / 星露谷物语 游戏原声","4","2023/09/01","打工之声！","2016/02/27","ConcernedApe","https://music.douban.com/subject/27189463/"
"The Red Strings Club Original Soundtrack","","2023/09/01","","2018/01/28","fingerspit","https://music.douban.com/subject/30191194/"
"Gold Mother / 土豪金妈妈","","2023/09/01","","2001/12","James","https://music.douban.com/subject/1798672/"
"A Beautiful Game / 美剧《足球教练》第三季最终集插曲","","2023/08/31","","2023/05/31","Ed Sheeran","https://music.douban.com/subject/36426162/"
"Space Oddity / 太空奇遇记 / David Bowie","","2023/08/27","","1969","David Bowie","https://music.douban.com/subject/1438207/"
"The Last Goodbye","","2023/08/27","","2014/11/24","Billy Boyd","https://music.douban.com/subject/26269494/"
"依然","4","2023/08/27","想念大家在卢布尔雅那的小山上一起唱贝加尔湖畔","2011/12/10","李健","https://music.douban.com/subject/7046522/"
"something inside me","","2023/08/26","","2023/06/20","Isaac Gracie","https://music.douban.com/subject/36450204/"
"Barbie: The Album / 芭比 电影原声带","4","2023/07/23","","2023/07/21","群星","https://music.douban.com/subject/36425604/"
"风中有朵雨做的云 电影原声碟","","2023/07/17","","2019/05","Jóhann Jóhannsson,Jonas Colstrup","https://music.douban.com/subject/33397099/"
"誰先愛上他的 電影原聲帶 / 谁先爱上他的","","2023/07/17","","2018/11/02","Various Artists","https://music.douban.com/subject/30343749/"
"Arrival / 降临电影原声","","2023/07/17","","2016/11/11","Jóhann Jóhannsson","https://music.douban.com/subject/26884047/"
"一生有你","","2023/07/11","","2001/09/26","水木年华","https://music.douban.com/subject/26939175/"
"Once Upon a Time","","2023/07/05","Don’t you forget about me","2004/01/01","Simple Minds","https://music.douban.com/subject/3624587/"
"Futurama Soundtrack Season 1","","2023/07/05","","2007/11/16","Various Artists","https://music.douban.com/subject/3193300/"
"飞狗 / A Flying Dog","","2023/07/02","仅仅是站立/在出生的土地","2021/08/27","崔健","https://music.douban.com/subject/35398647/"
"Live at SOHO Shijiazhuang 2010 / Live@苏荷 2010","","2023/06/28","","2010/3/20","万能青年旅店","https://music.douban.com/subject/4324013/"
"In The Court Of The Crimson King","5","2023/06/28","太喜欢了","1969","King Crimson","https://music.douban.com/subject/1417523/"
"Different Class","5","2023/06/26","大爱","1995","Pulp","https://music.douban.com/subject/1394716/"
"Shadow Kingdom","","2023/06/26","","2023/06/02","Bob Dylan","https://music.douban.com/subject/36366437/"
"Egon Bondy's Happy Hearts Club Banned","5","2023/06/23","","2004/09/06","The Plastic People Of The Universe","https://music.douban.com/subject/2046481/"
"造访万能青年旅店","5","2023/06/23","","2020/05/29","万能青年旅店","https://music.douban.com/subject/35090718/"
"Snow On The Beach","4","2023/06/15","Feat. More Lana Del Rey","2022/10/21","泰勒·斯威夫特 Taylor Swift,拉娜德雷 Lana Del Rey","https://music.douban.com/subject/36134191/"
"Use Your Illusion II","5","2023/06/13","","1991","Guns N' Roses","https://music.douban.com/subject/1401166/"
"县城记 / 加歌版","5","2023/06/13","","2013/9/28","五条人,朱芳琼,梁帆,海丰猪威小组","https://music.douban.com/subject/34899382/"
"天空の城ラピュタ サウンドトラック 飛行石の謎","5","2023/06/09","","1993/12/21","久石譲(Joe Hisaishi),杉並児童合唱団,井上杏美","https://music.douban.com/subject/1395762/"
"- (Deluxe) / Subtract (Deluxe)","","2023/06/09","","2023/05/05","Ed Sheeran","https://music.douban.com/subject/36313502/"
"Eyes Closed","","2023/06/09","","2023/03/24","Ed Sheeran","https://music.douban.com/subject/36309855/"
"End Game (feat. Ed Sheeran & Future) / 终局之战","","2023/06/09","","2017/11/14","Taylor Swift","https://music.douban.com/subject/30141077/"
"Red","","2023/06/09","","2012/10/22","Taylor Swift","https://music.douban.com/subject/11618242/"
"Taylor Swift / 泰勒·斯威夫特","","2023/06/09","","2006","Taylor Swift","https://music.douban.com/subject/1907558/"
"evermore / 恒久传说","","2023/06/09","","2020/12/11","Taylor Swift","https://music.douban.com/subject/35284276/"
"五月天:倔强 第五张创作专辑","","2023/06/08","当年高三的时候被迫每天早读结束全班一起唱，高考考试前唱了六遍唱得考试时一直单曲循环。只能说很难评价。","","五月天","https://music.douban.com/subject/2082752/"
"L' Etonnant Serge Gainsbourg","5","2023/06/06","","1961/04/05","Serge Gainsbourg","https://music.douban.com/subject/3685000/"
"Jane Birkin et Serge Gainsbourg","","2023/06/06","","1969","Jane Birkin,Serge Gainsbourg","https://music.douban.com/subject/1478982/"
"Say Yes To Heaven","5","2023/05/25","","2023/05/19","Lana Del Rey","https://music.douban.com/subject/36416618/"
"春游","","2023/05/25","整体愉快轻松，词很一般…","2023","窦靖童","https://music.douban.com/subject/36354802/"
"火炎","","2023/05/25","","2019/01/30","女王蜂","https://music.douban.com/subject/34556870/"
"映画『犬王』オリジナル・サウンドトラック / 电...","5","2023/05/25","","2022/05/25","犬王","https://music.douban.com/subject/35918313/"
"瓦合 / The Clod","","2023/05/24","无力的愤怒，但我听完只有哀伤。","2023/05/20","草东没有派对","https://music.douban.com/subject/36337784/"
"Reflections","","2023/05/19","","2023/05/19","Sufjan Stevens,Timo Andres,Conor Hanick","https://music.douban.com/subject/36388927/"
"KID A MNESIA","","2023/05/18","","2021/11/05","Radiohead","https://music.douban.com/subject/35591343/"
"- / Subtract","3","2023/05/17","","2023/05/05","Ed Sheeran","https://music.douban.com/subject/36313986/"
"Aftersun Original Motion Picture Soundtrack / 晒后假日","5","2023/05/16","纯音乐soundtrack。看电影那天中午去游泳，用新学会的自由泳筋疲力竭地游到泳池尽头时，眼前光纹流动，我才开始聆听水下的声音。包裹着缠绕着流动着，在水与空气的温暖又冰冷的边缘。","2023/01/13","Oliver Coates","https://music.douban.com/subject/36217695/"
"13 / thirteen","5","2023/05/16","","1999","Blur","https://music.douban.com/subject/1394768/"
"Hot Space","","2023/05/16","under pressure","1982/3/25","Queen","https://music.douban.com/subject/1468008/"
"A Night at the Opera / 歌剧院之夜","5","2023/05/16","","1975","Queen","https://music.douban.com/subject/1761091/"
"Queen Forever (Deluxe Edition)","5","2023/05/06","","2014/01/01","Queen","https://music.douban.com/subject/34502792/"
"Call on me","","2023/05/06","","2022/10/07","Vianney,Ed Sheeran","https://music.douban.com/subject/36119515/"
"Boat","3","2023/04/27","","2023/04/21","Ed Sheeran","https://music.douban.com/subject/36381415/"
"The Velvet Underground / 地下丝绒同名专辑","5","2023/04/27","","1969","The Velvet Underground","https://music.douban.com/subject/1401729/"
"In Deepest Blue","","2023/04/21","多年以前","2015/10/23","Joshua Hyslop","https://music.douban.com/subject/26686173/"
"No Roots","4","2023/04/21","","2018/09/07","Joshua Hyslop","https://music.douban.com/subject/30324489/"
"1996","","2023/04/07","","1996年05月17日","坂本龙一","https://music.douban.com/subject/2301061/"
"一切随风","5","2023/04/07","毛虫蝴蝶变化太多","2003/07/09","张国荣","https://music.douban.com/subject/1406561/"
"Did You Know That There's a Tunnel Under Ocean Blvd / 海底隧道","5","2023/03/24","完全是神","2023/03/10","Lana Del Rey","https://music.douban.com/subject/36181187/"
"The Grants","5","2023/03/23","I’m gonna take mine of you with me","2023/03/14","Lana Del Rey","https://music.douban.com/subject/36313341/"
"Can't See Straight","","2023/03/21","","2017/08/04","Jamie Lawson","https://music.douban.com/subject/33935842/"
"I Don't Know A Thing About Love: The Songs of Harlan Howard / 你...","","2023/03/21","","2023/03/03","威利 尼尔森 Willie Nelson","https://music.douban.com/subject/36232470/"
"Gimme Some Truth","5","2023/03/21","","2020/10/09","约翰 列侬 John Lennon","https://music.douban.com/subject/35207062/"
"Did you know that there's a tunnel under Ocean Blvd / 你知道海洋...","","2023/03/17","","2022/12/08","Lana Del Rey","https://music.douban.com/subject/36181108/"
"如常","4","2023/03/09","","2020/06/26","草东没有派对","https://music.douban.com/subject/35118296/"
"相見恨晚 / BETTER LATE THAN NEVER","5","2023/03/09","","2014/07/24","腰乐队","https://music.douban.com/subject/25893150/"
"酒球会十周年纪念合辑《一身酒气》之INDIE ROCK合辑《躺一片》","","2023/03/03","","2022/02/28","群星","https://music.douban.com/subject/35785320/"
"the man who flew into space","","2023/03/02","","2023/02/16","Isaac Gracie","https://music.douban.com/subject/36252547/"
"Song From My Bedroom","","2023/03/02","","2016/05/13","Isaac Gracie","https://music.douban.com/subject/26764191/"
"silhouettes of you","","2023/03/02","","2017/09/15","Isaac Gracie","https://music.douban.com/subject/30158367/"
"Terrified","","2023/03/02","","2017/11/24","Isaac Gracie","https://music.douban.com/subject/30171863/"
"News of the World / 世界に捧ぐ","","2023/02/26","","1977","Queen","https://music.douban.com/subject/1467972/"
"Electric Ladyland","5","2023/02/26","","1968/10/16","The Jimi Hendrix Experience","https://music.douban.com/subject/1401828/"
"Celestial","3","2023/02/20","宝可梦","2022/09/29","Ed Sheeran","https://music.douban.com/subject/36108813/"
"Strawberries＆Cigarettes / 草莓与烟","4","2023/02/19","","2018/03/16","Troye Sivan","https://music.douban.com/subject/33442106/"
"Blue Neighbourhood / 藍色年少","","2023/02/19","补标","2015/12/04","Troye Sivan","https://music.douban.com/subject/26642899/"
"My My My! / 买买买","","2023/02/19","","2018/01/11","Troye Sivan","https://music.douban.com/subject/27625353/"
"Wild","","2023/02/19","","2015/09/04","Troye Sivan","https://music.douban.com/subject/26597914/"
"Shawn Mendes","4","2023/02/19","","2018/05/25","Shawn Mendes","https://music.douban.com/subject/30205760/"
"Illuminate / 照亮爱","","2023/02/19","","2016/09/23","Shawn Mendes","https://music.douban.com/subject/26845239/"
"Handwritten","","2023/02/19","","2015/04/28","Shawn Mendes","https://music.douban.com/subject/26332954/"
"Back from the Edge","","2023/02/19","","2016/12/02","James Arthur","https://music.douban.com/subject/26902051/"
"乌梅子酱 / The Dark Plum Sauce","3","2023/02/17","","2022/11/21","李荣浩 Ronghao Li","https://music.douban.com/subject/36162777/"
"我去2000年","5","2023/01/28","一个时代 @2022-06-21 21:13:27","1999/1","朴树","https://music.douban.com/subject/1405324/"
"最伟大的作品","2","2023/01/28","不难听但也不喜欢","2022/07/15","周杰伦 Jay Chou","https://music.douban.com/subject/35937990/"
"All Too Well (10 Minute Version) (The Short Film)","","2023/01/28","@2022-11-23 21:03:52","2022/06/11","Taylor Swift","https://music.douban.com/subject/35927823/"
"Barrett","5","2023/01/28","Syd是天才。 @2022-12-01 17:44:24","1970","Syd Barrett","https://music.douban.com/subject/1458034/"
"Unpredictable","4","2023/01/23","","2017/11/28","易烊千玺","https://music.douban.com/subject/27593000/"
"All The Little Lights / 微光满天","4","2023/01/23","","2012/02/28","Passenger","https://music.douban.com/subject/10522860/"
"Definitely Maybe / 绝对可能","5","2023/01/23","","1994/08/30","Oasis","https://music.douban.com/subject/1395280/"
"Parachutes / 降落伞","5","2023/01/23","","2000/07/10","Coldplay","https://music.douban.com/subject/1463061/"
"x / Multiply","5","2023/01/23","","2014/06/23","Ed Sheeran","https://music.douban.com/subject/25864794/"
"÷ / Divide","","2023/01/23","","2017/03/03","Ed Sheeran","https://music.douban.com/subject/26954451/"
"How Would You Feel (Paean)","5","2023/01/23","","2017/02/17","Ed Sheeran","https://music.douban.com/subject/26982059/"
"Leave The Door Open","","2023/01/22","","2021/03/05","Bruno Mars,Silk Sonic","https://music.douban.com/subject/35390012/"
"Native (Deluxe Edition with 5 Bonus Tracks) Extra tracks, Delu...","","2023/01/22","","","OneRepublic","https://music.douban.com/subject/25865843/"
"想去海边","2","2023/01/20","平庸至极，嗓音莫名令我讨厌","2020/01/05","夏日入侵企画","https://music.douban.com/subject/34946441/"
"极恶都市","2","2023/01/20","受不了了太土了，而且这首我之前绝对没听过的歌下面的评论区（完全陌生且土得如出一辙）居然有我点过好几个赞，感觉离谱😅","2018/06/01","夏日入侵企画","https://music.douban.com/subject/34443213/"
"Lust For Life / 渴望生活","5","2023/01/20","一抹亮色，打雷永远迷人","2017/07/21","Lana Del Rey","https://music.douban.com/subject/27074606/"
"AM / AM","4","2023/01/13","","2013/09/09","Arctic Monkeys","https://music.douban.com/subject/24838192/"
"The Wall / 迷墙","5","2023/01/13","Banging your heart against some mad bugger’s wall","1979","Pink Floyd","https://music.douban.com/subject/1394664/"
"The Beatles (30th Anniversary Limited Edition) / 白色专辑 / The B...","5","2022/12/30","Dear Prudence won’t you let me see you smile 🎶 ｜ Good night everybody. @2022-10-28 09:01:36","1998/11/23","The Beatles","https://music.douban.com/subject/2359520/"
"Revolver / 左轮手枪","5","2022/12/30","@2022-10-26 22:06:21","1966","The Beatles","https://music.douban.com/subject/1401364/"
"Rubber Soul / 橡胶灵魂","5","2022/12/30","","1965","The Beatles","https://music.douban.com/subject/1401362/"
"Yellow Submarine Songtrack / 黄色潜水艇 / Yellow Submarine","5","2022/12/30","we all live in a yellow submarine～ @2022-10-19 01:52:42","1969","The Beatles","https://music.douban.com/subject/1408551/"
"Revolver / 左轮手枪","5","2022/12/30","前一阵下载时意外找到Revolver的digital book，很惊喜","2009/09/08","The Beatles","https://music.douban.com/subject/4025883/"
"我去2000年 / 我去2000年珍藏版","4","2022/12/30","","2003","朴树","https://music.douban.com/subject/2305573/"
"Lift Your Skinny Fists Like Antennas to Heaven","5","2022/12/30","","2000","Godspeed You! Black Emperor","https://music.douban.com/subject/1395308/"
"The Essential Leonard Cohen","5","2022/12/30","","2002/10/22","Leonard Cohen","https://music.douban.com/subject/1394729/"
"Imagine: John Lennon","5","2022/12/30","Lennon的无限温柔","1988/10/05","Original Soundtrack","https://music.douban.com/subject/2998550/"
"Working Class Hero: The Definitive Lennon / 工人阶层的英雄——列...","5","2022/12/30","","2005/10/04","John Lennon","https://music.douban.com/subject/1453430/"
"All Too Well (Sad Girl Autumn Version) - Recorded at Long Pond...","4","2022/12/30","@2022-11-23 21:04:01","2021/11/18","Taylor Swift","https://music.douban.com/subject/35664331/"
"郎朗:最爱与珍藏 / Lang Lang The Best&Rarities","","2022/12/30","好喜欢帕格尼尼 @2022-11-22 00:25:12","2008","郎朗 Lang Lang","https://music.douban.com/subject/3812880/"
"Chopin: 8 Polonaises - 4 Impromptus","5","2022/12/30","@2022-11-22 00:22:01","2016/04/29","Arthur Rubinstein","https://music.douban.com/subject/34334726/"
"Ultraviolence / 暴力殡仪馆","5","2022/12/30","@2022-11-17 00:25:55","2014/06/16","Lana Del Rey","https://music.douban.com/subject/25882543/"
"在一起嘛好不好 / Be With Me","1","2022/12/30","。。 @2022-11-17 00:19:15","2020/06/03","李荣浩","https://music.douban.com/subject/35087211/"
"Pablo Honey","5","2022/12/30","@2022-11-17 00:24:10","1993","Radiohead","https://music.douban.com/subject/1397399/"
"CHARLIE","4","2022/12/30","我还是蛮喜欢当年的Nine Track Mind的，对CP最大的感想就是看他网易云动态真的好欢乐好奔放，现在回头看就是很常见的pop，但质量其实并不差。 @2022-11-17 00:18:23","2022/10/07","Charlie Puth","https://music.douban.com/subject/35981710/"
"Wonderwall / 迷墙","5","2022/12/30","@2022-11-04 01:27:36","1995/11/06","Oasis","https://music.douban.com/subject/1462167/"
"Minecraft - Volume Beta","5","2022/12/30","@2022-10-26 19:02:27","2013/11/09","C418","https://music.douban.com/subject/25768495/"
"没有理想的人不伤心","","2022/12/30","@2022-10-26 19:00:54","2013/11/27","新裤子","https://music.douban.com/subject/25779301/"
"Essential Bob Dylan","5","2022/12/30","@2022-10-26 18:59:44","2014","Bob Dylan","https://music.douban.com/subject/3814539/"
"Minecraft OST (Volume Alpha) / 我的世界 游戏原声带 第1卷","5","2022/12/30","不同意评论区，MC从未令我觉得孤独，这是一个极其充盈的世界。 @2022-10-26 18:58:33","2011/03/04","C418","https://music.douban.com/subject/6065121/"
"Imagine","5","2022/12/30","@2022-10-23 15:32:26","1990/10/17","John Lennon","https://music.douban.com/subject/3523489/"
"Hey Jude","5","2022/12/30","@2022-09-17 10:45:42","2019","The Beatles","https://music.douban.com/subject/35207079/"
"没有鸟的花园","3","2022/12/30","词有点一般 @2022-08-22 23:31:53","2016/12/30","星球撞树","https://music.douban.com/subject/27028887/"
"《万能鸵鸟驯养指南》","5","2022/12/30","@2022-08-22 23:11:48","2009/2/2","万能青年旅店","https://music.douban.com/subject/3598855/"
"偶然黄昏见","","2022/12/30","人生是偶然 @2022-08-22 00:21:21","2018/05/20","棱镜","https://music.douban.com/subject/30215526/"
"Hypnospace Outlaw OST Vol. 2","4","2022/12/30","squisherz好鬼畜 @2022-08-15 12:00:16","2019/03/12","Jay Tholen","https://music.douban.com/subject/30489400/"
"Hypnospace Outlaw OST Vol. 1","4","2022/12/30","梦界狂徒的音乐真的很用心！ @2022-08-15 11:59:23","2019/03/12","Jay Tholen","https://music.douban.com/subject/30488460/"
"Remember","5","2022/12/30","@2022-08-11 12:54:02","2008/11/05","John Lennon","https://music.douban.com/subject/3806696/"
"我是一只鱼 / I'm a Fish","3","2022/12/30","～～～ @2022-08-05 01:48:51","2019/12/24","落日飛車 Sunset Rollercoaster","https://music.douban.com/subject/34929198/"
"Coffee's on Me","3","2022/12/30","@2022-08-05 01:40:30","2021/08/20","落日飛車 Sunset Rollercoaster","https://music.douban.com/subject/35569222/"
"Absolute Greatest","5","2022/12/30","@2022-07-30 14:41:01","2009/12/01","Queen","https://music.douban.com/subject/4109823/"
"Where the Water Tastes Like Wine (Original Game Soundtrack)","5","2022/12/30","Maybe somewhere out there is that promised land, but I ain’t seen it. Have you? @2022-07-22 21:19:16","2018/02/28","Ryan Ike","https://music.douban.com/subject/30462773/"
"The Essential Bob Dylan","5","2022/12/30","@2022-07-18 12:35:49","2014/03/25","鲍勃·迪伦 Bob Dylan","https://music.douban.com/subject/27042387/"
"Mojito","3","2022/12/30","@2022-07-15 14:11:45","2020/06/12","周杰伦 Jay Chou","https://music.douban.com/subject/35093585/"
"范特西 / Fantasy","5","2022/12/30","怀念 @2022-07-06 12:46:39","2001/09/14","周杰伦","https://music.douban.com/subject/1403307/"
"习惯晚睡 / A Night Owl","1","2022/12/30","诠释了什么叫做水…听完感觉人生被浪费了四分钟 @2022-07-03 16:01:03","2022/06/16","李荣浩 Ronghao Li","https://music.douban.com/subject/35930615/"
"脱胎换骨","2","2022/12/30","之前手滑把这首歌点成喜欢，以至于曲库随机循环时又要多点几次“下一首”。太同质化了，太为赋新词强说愁了！！！ @2022-07-03 16:06:01","2022/03/14","李荣浩","https://music.douban.com/subject/35793636/"
"之乎者也","5","2022/12/30","@2022-07-03 15:53:48","1982","罗大佑","https://music.douban.com/subject/1438705/"
"Etazhi / Этажи","4","2022/12/30","东欧后朋，让我想起极乐迪斯科大家在教堂里放阳极音乐，肆意舞蹈。在评论区瞥见一句“不要纠结政治和真相啦，一起陷入悲伤和陈旧的疯狂吧”，觉得气质相似。 @2022-06-18 00:02:01","2018/09/07","Molchat Doma","https://music.douban.com/subject/34962656/"
"WE ARE THE WORLD","5","2022/12/29","","1985/03/07","Various Artists","https://music.douban.com/subject/3840729/"
"We Are The World: U.S.A For Africa","","2022/12/29","","1990/10/25","Usa for Africa","https://music.douban.com/subject/1758946/"
"Young And Beautiful","5","2022/12/27","","2013/04/23","Lana Del Rey","https://music.douban.com/subject/24164804/"
"华北浪革","2","2022/12/27","hh之前听的时候就困惑为什么有人会觉得华北浪革像万青","2021/07/11","刘森","https://music.douban.com/subject/35538455/"
"下一站，茶山刘","3","2022/12/27","无感","2017/06/25","房东的猫","https://music.douban.com/subject/35513459/"
"云烟成雨 / 动画《我是江小白》片尾曲","","2022/12/27","","2017/10/19","房东的猫","https://music.douban.com/subject/27177131/"
"漠河舞厅·2022","2","2022/12/27","","2021/11/13","柳爽","https://music.douban.com/subject/35660966/"
"醜奴兒 / 丑奴儿","5","2022/12/27","大风吹","2016/04/30","草東沒有派對","https://music.douban.com/subject/26753594/"
"安和桥北 / 献给张先诺先生","","2022/12/27","","2013/08/26","宋冬野","https://music.douban.com/subject/25709562/"
"飞行器的执行周期 / The Silent Star Stone","","2022/12/27","@2022-10-26 18:59:27","2016/11/25","郭顶","https://music.douban.com/subject/26921719/"
"F","4","2022/12/27","我在恶心的世界里 @2022-08-18 23:25:06","2014/05/22","李志","https://music.douban.com/subject/25886444/"
"一些风景 / Some Other Scenery","5","2022/12/27","","2012/05/25","五条人","https://music.douban.com/subject/10738197/"
"Death Stranding (Songs from the Video Game) / 死亡搁浅 游戏歌曲","5","2022/12/26","真是好听，走在荒原上眺望远处城市，镜头拉远响起歌声的场面令人动容。","2020/01/31","Various Artists","https://music.douban.com/subject/35112544/"
"Don't Look Back in Anger","5","2022/12/23","@2022-06-08 11:14:20","1996/01/01","Oasis","https://music.douban.com/subject/1452799/"
"縱橫四海 / Free Soul","","2022/12/23","","2022/12/21","李荣浩 Ronghao Li","https://music.douban.com/subject/36191848/"
"浓烟下的诗歌电台","","2022/12/23","","2016/03/01","陈鸿宇","https://music.douban.com/subject/26631026/"
"一如年少模样","2","2022/12/23","","2017/03/06","陈鸿宇","https://music.douban.com/subject/26975867/"
"Everything Was Forever","4","2022/12/23","","2022/02/18","Sea Power","https://music.douban.com/subject/35595641/"
"Open Season","4","2022/12/23","","2005","British Sea Power","https://music.douban.com/subject/1437988/"
"Man of Aran","4","2022/12/23","","2009/05/05","British Sea Power","https://music.douban.com/subject/3656723/"
"Sea Of Brass","4","2022/12/23","","2015/04/27","British Sea Power","https://music.douban.com/subject/26385368/"
"Delirium B-Sides","","2022/12/21","","2017/12/31","Old Man Canyon","https://music.douban.com/subject/34975016/"
"Fearless / 无畏","","2022/12/21","","2008/11/11","Taylor Swift","https://music.douban.com/subject/3220185/"
"In Mind","","2022/12/21","","2022/11/02","甜约翰  Sweet John","https://music.douban.com/subject/36126127/"
"梦幻丽莎发廊 / Dreamy Lisa Salon","5","2022/12/20","","2016/12/12","五条人","https://music.douban.com/subject/26933200/"
"牛羊下山","4","2022/12/20","","2010/09/11","周云蓬","https://music.douban.com/subject/5269027/"
"Bossa Nova / 芭莎诺娃","5","2022/12/20","✔️✔️✔️ @2022-08-05 02:22:33","2011/09/22","落日飛車 Sunset Rollercoaster","https://music.douban.com/subject/34953274/"
"Little Balcony","","2022/12/20","","2022/07/15","落日飞车,Phum Viphurit","https://music.douban.com/subject/35994132/"
"Born to Die / 向死而生（大陆） / 生死相守 （台）","5","2022/12/20","","2012/01/31","Lana Del Rey","https://music.douban.com/subject/10448971/"
"1989","","2022/12/20","","2014/10/27","Taylor Swift","https://music.douban.com/subject/25961712/"
"reputation / 名誉","","2022/12/20","","2017/11/10","Taylor Swift","https://music.douban.com/subject/27121419/"
"Midnights","4","2022/12/20","乱想种种 @2022-11-17 00:34:00","2022/10/21","Taylor Swift","https://music.douban.com/subject/36074639/"
"Shape of You","4","2022/12/20","高中回忆……","2017/01/06","Ed Sheeran","https://music.douban.com/subject/26949855/"
"I Don't Care / 我不在乎","3","2022/12/20","妈呀当初我还破费三元买了支持下，黄贾合作放个屁都能空冠系列","2019/05/10","Ed Sheeran,Justin Bieber","https://music.douban.com/subject/33442418/"
"The A Team","4","2022/12/20","","2011/06/13","Ed Sheeran","https://music.douban.com/subject/6521724/"
"Castle on the Hill","4","2022/12/20","这个的MV蛮有意思，扮演者和黄老板贼像！","2017/01/06","Ed Sheeran","https://music.douban.com/subject/26949854/"
"Beautiful People / 美丽的人","4","2022/12/20","没有很喜欢，但很洗脑","2019/06/28","Ed Sheeran,Khalid","https://music.douban.com/subject/34448406/"
"Happier (Acoustic)","4","2022/12/20","","2018/05/25","Ed Sheeran","https://music.douban.com/subject/33648832/"
"No.5 Collaborations Project","3","2022/12/20","","2011/01/24","Ed Sheeran","https://music.douban.com/subject/5951656/"
"No.6 Collaborations Project","2","2022/12/20","","2019/07/12","Ed Sheeran","https://music.douban.com/subject/33479147/"
"Nine Track Mind (Deluxe)","","2022/12/20","","2016/12/02","Charlie Puth","https://music.douban.com/subject/26912203/"
"Some Type of Love","4","2022/12/20","","2015/05/01","Charlie Puth","https://music.douban.com/subject/26380874/"
"Girlfriend","2","2022/12/20","","2020/06/26","Charlie Puth","https://music.douban.com/subject/35118261/"
"Ego","","2022/12/20","","2013/10/01","查理·帕斯 Charlie Puth","https://music.douban.com/subject/26394255/"
"The Essential","5","2022/12/20","","2000","Bob Dylan","https://music.douban.com/subject/1765310/"
"The 30th Anniversary Concert Celebration","","2022/12/20","","1993/08/24","Bob Dylan","https://music.douban.com/subject/1451905/"
"1967-1970 / The Blue Album","5","2022/12/19","@2022-10-28 10:33:27","1993","The Beatles","https://music.douban.com/subject/1431799/"
"More / 更多","5","2022/12/06","","1969","Pink Floyd","https://music.douban.com/subject/1401359/"
"Meddle","5","2022/12/04","@2022-11-30 16:11:35","1971/11/05","Pink Floyd","https://music.douban.com/subject/1401356/"
"Nine Track Mind / 天马行空","4","2022/05/30","","2016/01/29","Charlie Puth","https://music.douban.com/subject/26639904/"
"Save Rock & Roll","4","2022/05/30","多年以前打鸡血用","2013/05/06","Fall Out Boy","https://music.douban.com/subject/21356012/"
"Born To Die (The Paradise Edition Deluxe 2CD)","5","2022/05/30","","2012/11/12","Lana Del Rey","https://music.douban.com/subject/19963378/"
"Strum Strum","4","2022/05/30","keep rolling on","2015/04/09","Luke Thompson","https://music.douban.com/subject/26367191/"
"Rough And Rowdy Ways","5","2022/05/30","","2020/06/19","Bob Dylan","https://music.douban.com/subject/35060764/"
"黑梦 / Black Dream","","2022/05/30","","1994/10","窦唯","https://music.douban.com/subject/2299845/"
"Happy Together / 春光乍泄","5","2022/05/26","不如由头来过","2003/04/14","钟定一","https://music.douban.com/subject/1394724/"
"Imagine","5","2022/05/24","","1971/09/09","John Lennon","https://music.douban.com/subject/1412675/"
"Time Out of Mind","5","2022/05/24","Go to the end of the earth for you/ to make you feel my love-","1997","Bob Dylan","https://music.douban.com/subject/1578914/"
"It's a Wonderful Life / 生活多美好","5","2022/05/24","Piano Fire——how do you feel how do you feel","2001","Sparklehorse","https://music.douban.com/subject/1395637/"
"孤岛","3","2022/05/24","","2014/11/06","马頔","https://music.douban.com/subject/26251910/"
"Shawn Mendes","4","2022/05/24","挺清新，fallin all in you这种黄老板写的果然还是很好听……","2018/05/25","Julia Michaels,Shawn Mendes,Khalid","https://music.douban.com/subject/34508413/"
"Bohemian Rhapsody","4","2022/05/13","","2000/11/14","Queen","https://music.douban.com/subject/1459077/"
"Machineries Of Joy","4","2022/05/13","","2013/04/02","British Sea Power","https://music.douban.com/subject/21339524/"
"EP2 / EP 2","4","2022/05/13","up against it！","2012/02/13","British Sea Power","https://music.douban.com/subject/10484590/"
"Blood On the Tracks","5","2022/05/08","明快的悲伤","1975","Bob Dylan","https://music.douban.com/subject/1433139/"
"isaac gracie / 同名專輯","4","2022/05/01","高中时期听过 有几首当时挺喜欢","2018/04/13","isaac gracie","https://music.douban.com/subject/30152495/"
"火车驶向云外，梦安魂于九霄","","2022/05/01","","2018/01/08","刺猬","https://music.douban.com/subject/27622650/"
"生命因你而火热","","2022/05/01","","2016/04/07","新裤子","https://music.douban.com/subject/26766772/"
"情人 / Lover","","2022/05/01","豆瓣评价真够犀利…","2021/11/02","李荣浩 Ronghao Li","https://music.douban.com/subject/35643559/"
"金桔希子 / Jinji Kikko","","2022/05/01","","2016/03/09","落日飛車,Sunset Rollercoaster","https://music.douban.com/subject/26745541/"
"Life Is Strange Soundtrack / 《奇异人生》游戏原声","5","2022/05/01","选曲真的很牛 ｜ 重听，极好，梦回无数个游戏里的日与夜","2016/01/22","Various Artists","https://music.douban.com/subject/26756355/"
"Fresh Roses","4","2022/05/01","温柔小情歌，高中谁要给我弹这首我立刻坠入爱河","2018/06/22","Juke Ross","https://music.douban.com/subject/30425209/"
"Reads on the Road","5","2022/05/01","边听边读书或写论文效果奇佳","1999/09/14","Jack Kerouac,汤姆 威兹 Tom Waits,Primus","https://music.douban.com/subject/1994854/"
"All You Need Is Love / 你所需的只是爱","5","2022/05/01","极好听","1967/7/7","The Beatles","https://music.douban.com/subject/3866642/"
"Strawberry Fields Forever / 永远的草莓地","5","2022/05/01","喜欢死了","1992","The Beatles","https://music.douban.com/subject/20268742/"
"Ride All Day","","2022/05/01","Drifting Away——《无依之地》与我的公路流浪幻想","2019/08/10","Cat Clifford","https://music.douban.com/subject/35312160/"
"Forrest Gump: The Soundtrack / 阿甘正传电影原声带","5","2022/05/01","选曲很👍","1994","Various Artists","https://music.douban.com/subject/1419616/"
"张洲","","2022/04/14","","2016/01/16","万能青年旅店","https://music.douban.com/subject/26739049/"
"我爱南京","","2022/04/14","最近突然不知道该怎么给音乐打星，干脆不评价。","2009/10/16","李志","https://music.douban.com/subject/4060882/"
"梵高先生 / B&BⅡ","5","2022/04/14","（瞬间反悔）","2007/01/11","李志","https://music.douban.com/subject/1958731/"
"你好，郑州 / 你好 郑州","","2022/04/14","","2010/09/01","李志","https://music.douban.com/subject/5259254/"
"这个世界会好吗 / Has man a future?","","2022/04/14","","2006/11","李志","https://music.douban.com/subject/1924543/"
"废人们 都在忙什么?","5","2022/04/14","真的喜欢","2006","万能青年旅店","https://music.douban.com/subject/3266527/"
"非常次序","","2022/04/14","听了巢穴在望，虽然粗糙但隐隐有后来的影子","1999","Various Artists","https://music.douban.com/subject/3587967/"
"Live at 星光现场 Beijing 2011 / NOISEY全新现场体验 万能青年旅...","","2022/04/14","借地标记一下《在这颗行星的所有酒馆》，挺好听的。","2011/11/17","万能青年旅店","https://music.douban.com/subject/7003858/"
"Wish You Were Here","5","2022/04/14","","1975","Pink Floyd","https://music.douban.com/subject/1401143/"
"The Dark Side of the Moon / 月之暗面","5","2022/04/14","","1973/03/01","Pink Floyd","https://music.douban.com/subject/1395685/"
"玫瑰少年 / Womxnly","5","2022/04/03","","2018/12/26","蔡依林","https://music.douban.com/subject/30456340/"
"Lover / 情人","3","2022/04/03","…","2019/08/23","Taylor Swift","https://music.douban.com/subject/34431984/"
"All Too Well / 回忆太清晰","5","2022/04/03","","2012/06/30","Taylor Swift","https://music.douban.com/subject/25964924/"
"Carrie & Lowell / 凯莉和洛维","5","2022/04/03","","2015/03/30","Sufjan Stevens","https://music.douban.com/subject/26302435/"
"Love","5","2022/04/03","","2006","The Beatles","https://music.douban.com/subject/1924605/"
"Mystery of Love / 愛的奧秘","5","2022/04/03","","2017/12/01","Sufjan Stevens","https://music.douban.com/subject/27616408/"
"有理想","4","2022/04/03","初中记忆。","2016/01/22","李榮浩","https://music.douban.com/subject/26709181/"
"模特 / Model","4","2022/04/03","","2013/09/29","李榮浩","https://music.douban.com/subject/25727741/"
"李榮浩 / 第二张创作专辑「李荣浩」","4","2022/04/03","","2014/11/28","李荣浩","https://music.douban.com/subject/26243770/"
"I Am What I Am / 我就是我","5","2022/04/03","","2010/3/23","张国荣","https://music.douban.com/subject/4725584/"
"Last Words","4","2022/04/03","","2018/02/21","Isaac Gracie","https://music.douban.com/subject/30171856/"
"Hello My Love","4","2022/04/03","一听就是黄老板的歌系列","2019/01/10","Westlife","https://music.douban.com/subject/30409943/"
"The Bends","5","2022/04/03","@2022-09-04 12:43:22","1995","Radiohead","https://music.douban.com/subject/1394652/"
"Hotel California / 加州旅馆","4","2022/04/03","","1976/12/08","Eagles","https://music.douban.com/subject/1431812/"
"Abbey Road / 艾比大街 / 阿比路","5","2022/03/28","很爱here comes the sun","1969/09/26","The Beatles","https://music.douban.com/subject/1401361/"
"Sgt. Pepper's Lonely Hearts Club Band","5","2022/03/28","@2022-11-22 01:54:18","1967/07/28","The Beatles","https://music.douban.com/subject/1394665/"
"Let It Be","5","2022/03/28","几乎每首都爱","1970","The Beatles","https://music.douban.com/subject/1401365/"
"Hey Jude","5","2022/03/28","NaNaNaNaNaNaNaNa","1988/08/31","The Beatles","https://music.douban.com/subject/3321629/"
"No.6 Collaborations Project","3","2022/03/28","","2019/07/12","Ed Sheeran","https://music.douban.com/subject/33477958/"
"The Joker And The Queen (feat. Taylor Swift)","4","2022/03/28","虽然感觉黄老板越来越乏力但是…","2022/02/11","Ed Sheeran,Taylor Swift","https://music.douban.com/subject/35766607/"
"I See Fire","5","2022/03/28","","2013/12/13","Ed Sheeran","https://music.douban.com/subject/25764688/"
"GRRR!","5","2022/03/28","","2012/11/12","The Rolling Stones","https://music.douban.com/subject/16520711/"
"Darklands / 黑土地","5","2022/03/28","","1987","The Jesus and Mary Chain","https://music.douban.com/subject/1401767/"
"Highway 61 Revisited","5","2022/03/28","","1965","Bob Dylan","https://music.douban.com/subject/1396307/"
"Bob Dylan: 30th Anniversary Concert Celebration (Deluxe Edition)","5","2022/03/18","","2014/03/03","Bob Dylan,Neil Young,Chissie Hynde,Eric Clapton,The O’Jays,The Band,George Harrison","https://music.douban.com/subject/25854194/"
"The Freewheelin' Bob Dylan","5","2022/03/18","","1963","Bob Dylan","https://music.douban.com/subject/1428520/"
"Bob Dylans Greenwich Village","5","2022/03/18","","2011/10/11","Various Artists","https://music.douban.com/subject/11578128/"
"Everything Was Forever","4","2022/02/24","重新玩Disco Elysium的时候经常什么也不做，只在破败的马丁内斯游荡，听恐怖领带的尖叫，空气中残余的大革命号角与褴褛飞旋里的Fire Escape In The Sea——无限沉迷于注定失败的恢弘叙事。金警督挑起眉毛，但还是跟着你走下去。 @2022-06-09 09:40:35","2022/02/11","Sea Power","https://music.douban.com/subject/35582286/"
"The Decline of British Sea Power","4","2022/02/24","","2003/09/09","British Sea Power","https://music.douban.com/subject/1428911/"
"Red (Taylor’s Version) / 红色(泰勒丝全新版)","5","2022/02/24","","2021/11/12","Taylor Swift","https://music.douban.com/subject/35623979/"
"August / 八月","5","2022/02/24","","2020/07/24","泰勒·斯威芙特 Taylor Swift","https://music.douban.com/subject/35399118/"
"1989 / Taylor Swift Karaoke: 1989","5","2022/02/24","","2015/11/10","Taylor Swift","https://music.douban.com/subject/26661855/"
"folklore / 民间故事","5","2022/02/24","","2020/07/24","Taylor Swift","https://music.douban.com/subject/35154230/"
"tick, tick... BOOM! (Soundtrack from the Netflix Film) / 电影《倒...","5","2022/01/21","","2021/11/12","The Cast of Netflix's Film tick, tick... BOOM!","https://music.douban.com/subject/35664280/"
"Chemtrails Over The Country Club / 乡野俱乐部上空的飞机云","5","2022/01/21","新耳机来了，重听。Dark But Just Game我爱得不行🤤🤤🤤🤤🤤 @2022-10-22 10:15:33","2021/03/19","Lana Del Rey","https://music.douban.com/subject/35080887/"
"Norman Fucking Rockwell / Norman F**king Rockwell! / NFR!","5","2022/01/21","","2019/08/30","拉娜·德雷 Lana Del Rey","https://music.douban.com/subject/34668261/"
"万能青年旅店 / Omnipotent Youth Society","5","2021/12/14","一朝悲歌成金曲 @2022-08-22 23:21:06","2010/11/12","万能青年旅店","https://music.douban.com/subject/5344708/"
"冀西南林路行 / Inside The Cable Temple","5","2021/12/08","","2020/12/22","万能青年旅店","https://music.douban.com/subject/35292992/"
"Afterglow","5","2021/11/26","","2020/12/21","Ed Sheeran","https://music.douban.com/subject/35295973/"
"Disco Elysium OST / 极乐迪斯科原声音乐","5","2021/11/26","那不是意外。那些是来自你脊髓的*迪斯科舞步*。脊髓还未向你揭示全部的自己——它那极其不洁的奥秘。 @2022-06-18 00:15:17","2020/6/21","British Sea Power","https://music.douban.com/subject/34946620/"
"From The Sea To The Land Beyond","5","2021/11/26","","2013/12/02","British Sea Power","https://music.douban.com/subject/25775694/"
"Let The Dancers Inherit The Party / 派对职人","5","2021/11/26","","2017/03/31","British Sea Power","https://music.douban.com/subject/26949279/"
"Fake Plastic Trees","5","2021/11/22","","2000","Radiohead","https://music.douban.com/subject/1468333/"
"= / Equals","4","2021/11/15","","2021/10/29","Ed Sheeran","https://music.douban.com/subject/35569100/"
"÷ (Deluxe) / Divide","5","2021/11/15","","2017/03/03","Ed Sheeran","https://music.douban.com/subject/26954445/"
"+ / Plus","5","2021/11/15","","2011/09/12","Ed Sheeran","https://music.douban.com/subject/6148854/"
"Summertime Sadness / 夏殇","5","2021/03/10","","2012/07/17","Lana Del Rey","https://music.douban.com/subject/10830010/"
"+ / Plus","","2021/03/10","","2011/11/21","Ed Sheeran","https://music.douban.com/subject/6860246/"
"七里香","","2021/03/10","","2004/07/30","周杰倫","https://music.douban.com/subject/19981142/"
"大海","","2021/03/10","","2005/08","张雨生","https://music.douban.com/subject/4197407/"
"Love Story / 乡村爱情故事","","2021/03/10","","2009/03/03","Taylor Swift","https://music.douban.com/subject/3606728/"
"+","","2021/03/10","","2012/06/12","Ed Sheeran","https://music.douban.com/subject/20388440/"
"Furious 7 (Original Motion Picture Soundtrack)","","2021/03/10","","2015/03/17","Various Artists","https://music.douban.com/subject/26335628/"
"Speak Now / 爱的告白","","2021/03/10","","2010/10/25","Taylor Swift","https://music.douban.com/subject/4918610/"
"年少有为 / If I Were Young","","2021/03/10","","2018/07/19","李荣浩","https://music.douban.com/subject/30277745/"
"少年的你 电影原声带 / Better Days Original Soundtracks","","2021/03/10","","2019/10/25","Varqa Buehrer","https://music.douban.com/subject/34870645/"
"平凡之路 / 电影《后会无期》宣传曲","","2021/03/10","","2014/07/16","朴树","https://music.douban.com/subject/25927970/"
"Native (Deluxe Version)","","2021/03/10","","2013/03/26","Onerepublic","https://music.douban.com/subject/22869761/"
"我","","2021/03/10","","2000/07/01","张国荣 Leslie Cheung","https://music.douban.com/subject/27619208/"
"La La Land (Original Motion Picture Soundtrack)","","2021/03/10","","2016/12/09","Justin Hurwitz","https://music.douban.com/subject/26918515/"
"像我这样的人","","2021/03/10","","2017/08/08","毛不易","https://music.douban.com/subject/27169123/"
"叶惠美 / 葉惠美","","2021/03/10","","2003/07/31","周杰伦","https://music.douban.com/subject/1406522/"
"One More Night","","2021/03/10","","2012/06/19","Maroon 5","https://music.douban.com/subject/10794211/"
"借","","2021/03/10","","2018/09/03","毛不易","https://music.douban.com/subject/30318915/"
"水星记","","2021/03/10","","2016/11/18","郭顶","https://music.douban.com/subject/26916947/"
"传奇","","2021/03/10","","2010/11/05","王菲","https://music.douban.com/subject/5365287/"
"Sugar","","2021/03/10","","2015/01/13","Maroon 5","https://music.douban.com/subject/26302745/"
"小幸运","","2021/03/10","","2015/07/10","田馥甄 Hebe","https://music.douban.com/subject/26462554/"
"丑八怪","","2021/03/10","","2013/10/09","薛之谦","https://music.douban.com/subject/25745954/"
"夜空中最亮的星","","2021/03/10","","2011/04/12","逃跑计划","https://music.douban.com/subject/6974122/"
"Something Just Like This","","2021/03/10","","2017/02/22","The Chainsmokers,Coldplay","https://music.douban.com/subject/26981519/"
"我和我的祖国 / 电影《我和我的祖国》主题曲","","2021/03/10","","2019/09/25","王菲 Faye Wong","https://music.douban.com/subject/34842139/"
"耳朵","","2021/03/10","","2018/10/17","李荣浩","https://music.douban.com/subject/30348533/"
"Apologize","","2021/03/10","","2007/11/06","Timbaland,OneRepublic","https://music.douban.com/subject/2285727/"
"Perfect","5","2021/02/23","～～～","2017/09/26","艾德·希兰 Ed Sheeran","https://music.douban.com/subject/27201743/"
"Galway Girl","","2021/02/23","","2017/05/03","Ed Sheeran","https://music.douban.com/subject/33438020/"
"Counting Stars","","2021/02/23","","2013/06/14","OneRepublic","https://music.douban.com/subject/24784362/"
"Thinking Out Loud","5","2021/02/23","","2014/06/18","Ed Sheeran","https://music.douban.com/subject/25925309/"
"Don't","","2021/02/23","","2014/07/15","Ed Sheeran","https://music.douban.com/subject/25961561/"
"look at me now","","2021/02/23","","2013/10/01","Charlie Puth","https://music.douban.com/subject/26629923/"
"Say You Won't Let Go","","2021/02/23","","2016/09/09","James Arthur","https://music.douban.com/subject/26881480/"
"Perfect (Acoustic)","","2021/02/23","","2017/11/10","艾德·希兰 Ed Sheeran","https://music.douban.com/subject/30418304/"
"Love Yourself","","2021/02/23","","2015/11/09","Justin Bieber","https://music.douban.com/subject/26673573/"
"See You Again (feat. Charlie Puth)","5","2021/02/23","","2015/03/17","Wiz Khalifa,Charlie Puth","https://music.douban.com/subject/26362557/"
"X / Multiply","5","2021/02/23","","2014/06/23","Ed Sheeran","https://music.douban.com/subject/25865760/"
"We Don’t Talk Anymore (feat. Selena Gomez)","","2021/02/23","","2016/05/24","Charlie Puth","https://music.douban.com/subject/26791887/"
"Stay With Me","","2021/02/23","","2014/05/18","Sam Smith","https://music.douban.com/subject/25887470/"
"Photograph","","2021/02/23","","2014/06/20","Ed Sheeran","https://music.douban.com/subject/25925311/"
"Divide","","2021/02/23","","2017/03/03","ED SHEERAN","https://music.douban.com/subject/26976988/"
"ME! (feat. Brendon Urie of Panic! At The Disco)","","2021/02/23","","2019/04/26","Taylor Swift,Brendon Urie","https://music.douban.com/subject/33425120/"
"不染 / 电视剧《香蜜沉沉烬如霜》主题曲","","2021/02/23","","2018/02/10","毛不易","https://music.douban.com/subject/30144673/"
"勇气","","2021/02/23","","2000/08/02","梁静茹 Fish","https://music.douban.com/subject/1428604/"
"郭源潮","","2021/02/23","","2017/05/09","宋冬野","https://music.douban.com/subject/26923739/"
"我们很好 / 电影《少年的你》主题曲","","2021/02/23","","2019/06/13","林俊杰 JJ Lin","https://music.douban.com/subject/34431483/"
"Look What You Made Me Do / 看是你逼我的(台)","","2021/02/23","","2017/08/25","Taylor Swift","https://music.douban.com/subject/27120991/"
"Teenage Dream / 花漾年华","","2021/02/23","","2010/08/24","Katy Perry","https://music.douban.com/subject/4856525/"
"八度空间 / The Eight Dimensions","","2021/02/23","","2002/07/19","周杰伦","https://music.douban.com/subject/1403832/"
"匆匆那年","","2021/02/23","","2014/11/03","王菲","https://music.douban.com/subject/26237597/"
"时间煮雨","","2021/02/23","","2013/05/28","郁可唯","https://music.douban.com/subject/24748244/"
"她说 / 概念自选辑","","2021/02/23","","2010/12/08","林俊杰","https://music.douban.com/subject/5360525/"
"Jay","","2021/02/23","","2000/11/13","周杰伦","https://music.douban.com/subject/1422300/"
"起风了 / 电视剧《加油，你是最棒的》主题曲","","2021/02/23","","2019/01/11","吴青峰","https://music.douban.com/subject/30427175/"
"无问西东 / 电影《无问西东》同名推广曲","","2021/02/23","","2018/01/09","王菲","https://music.douban.com/subject/27625355/"
"七里香 / Common Jasmin Orange","","2021/02/23","","2004","周杰伦","https://music.douban.com/subject/1401853/"
"等你下课","","2021/02/23","","2018/01/18","周杰伦","https://music.douban.com/subject/27946814/"
